Name,Best WR,Event
Sebastiano Tronto,1,333fm
Alessandro Ricci,9,sq1
Mattia Furlan,13,666
Filippo Brancaleoni,22,magic
Simone Santarsiero,27,magic
Tommaso Raposio,28,333fm
Christian Kaserer,41,222
Giovanni Contardi,45,444
Marco Edoardo Cittar,49,444bf
Alessandro Nicolì,58,333fm
Lorenzo Mauro,67,333mbf
Damiano Di Paola,74,clock
Matteo Dummar,79,clock
Valerio Locatelli,82,333
Flavio Rimi,90,sq1
Matteo Colombo,95,444bf
Gabriele Cappelletti,96,333fm
Fabrizio Cirnigliaro,100,444bf
Matteo Provasi,102,222
Alessandro Solito,107,333bf
Nicolò Simone,108,mmagic
Andrea Santambrogio,110,sq1
Lorenzo Vigani Poli,112,333mbo
Mattia Galentino,124,333
Alexandros Fokianos,126,333fm
Davide Arnesano,131,pyram
Simone Ciancotti,150,mmagic
Pietro Gasparetto,162,444
Francesco Iezzi,163,clock
Kevin Montano,166,555bf
Roberto Bentivoglio,168,333mbf
Marco Rota,176,sq1
Andrea Muzii,183,333bf
Marianna Bondi,188,skewb
Anonymous,190,magic
Simone Canova,197,sq1
Vincenzo Maria Gammino,232,777
Massimiliano Iovane,239,444
Edoardo Disarò,241,333fm
Claudio Bentivoglio,278,333fm
Andrea Gaggioli,292,magic
Luca Brasini,293,555
Giacomo Mambrini,307,clock
Marco Giordano,325,222
Federico De Paoli,358,333
Julian Galliano,360,444bf
Marco Belotti,368,minx
Mariano D'Imperio,378,magic
Pietro Furbatto,379,333fm
Simone Cilia,386,777
Cesare Paulin,392,mmagic
Paolo Moriello,394,444
Nicola Giordani,395,222
Andrea Moscatello,400,sq1
Gianluca Placenti,400,333mbf
Pietro Mazza,402,sq1
Massimo Russo,423,mmagic
Nicola Barbaro,430,333oh
Davide Pierrat,435,skewb
Leonardo Marchizza,453,pyram
Giacomo Vigani,463,magic
Paolo Girotti,464,magic
Federico Borgogni,476,333fm
Damiano Quagliotto,477,magic
Daniel Sartori,483,333
Anna Battistini,486,777
Jacopo Antonio Boffa,488,clock
Marco Manno,539,pyram
Andrea Natale,542,777
Giovanni Centili,558,pyram
Daniele Panna,561,333mbf
Martin Cufar,576,skewb
Michele Zanirato,581,sq1
Riccardo Fasan,586,clock
Letian Mattia Chang,599,mmagic
Jacopo Melchiorri,600,mmagic
Valerio Sannito,604,222
Luigi Manzo,608,mmagic
Edoardo Annesi,614,222
Andrea Lo Sardo,630,222
Marco Levrero,662,magic
Alessandro Fava,695,minx
Alberto Batti,716,333bf
Lorenzo Gravina,723,magic
Leonardo Randacio,723,skewb
Giovanni Bezzetto,742,sq1
Andrea Pavese,760,444bf
Isabella Bosia,771,333mbf
Michele Chiaravalloti,791,pyram
Gianluca Muscò,794,mmagic
Piermarco Giobbi,823,magic
Carolina Guidetti,923,sq1
Andrea Egidio Monti,923,444bf
Mattia Rigo,935,333bf
Davide Adamo,964,333fm
Simone Cantarelli,969,444
Mattia Sorrentino,975,pyram
Alessandro Manopulo,979,skewb
Filippo Galasso,982,333ft
Federico Viola,989,444bf
Marco Guarasci,1024,minx
Riccardo Simone,1039,333
Filippo Taddei,1054,pyram
Miriana Cecchi,1059,magic
Stefano Bevacqua,1059,444
Gianluca Veschi,1086,777
Pasquale Lombardozzi,1097,minx
Roberta Chiovoloni,1106,magic
Lorenzo Bellocci,1110,777
Donato Marro,1150,mmagic
Salvo Gulisano,1151,333bf
Filippo Zanetti,1151,222
Costantino Corsi,1158,333fm
Enrico Saggiorato,1158,333fm
Alessandro Iraci,1158,333fm
Nikolaij Tamborin,1227,333mbf
Giuseppe Pappalardo,1229,777
Marco Mazzuoccolo,1230,333bf
Matteo Mazzini,1272,333fm
Giosuè Soardo,1310,magic
Simone Avezzano Comes,1313,mmagic
Leonardo Maver,1324,333oh
Francesco Odorizzi,1345,pyram
Ivan Micieli,1363,777
Fabian Tomasovic,1370,222
Lorenzo Gentili,1413,pyram
Lorenzo Giovanni Cuscani,1429,333bf
Angelo Pio Lo Giudice,1433,clock
Nicola Forlai,1452,333
Noemi Hueber,1457,clock
Vittorio Maria Perucatti,1498,444
Francesco Macaluso,1499,333mbf
Francesco Verdicchio,1512,magic
Giovanni Tessari,1512,magic
Federico Ortu,1525,333mbf
Arcangelo Lobianco,1530,pyram
Angelo Piccolella,1543,333bf
Andrea Di Giosaffatte,1550,333mbf
Davide Camilleri,1563,333fm
Riccardo Pilan,1563,333fm
Roland Gandini,1570,333fm
Paolo Resta,1579,sq1
Chiara Avanzato,1579,magic
Andrea Marconato,1591,333
Edoardo Pelini,1604,333
Simone Marcellini,1609,222
Giacomo Monco,1624,sq1
Lorenzo Nicotra,1637,222
Edoardo Brown,1639,333ft
Andrea Civiero,1659,magic
Giacomo Mastrosimone,1667,skewb
Tommaso Senatori,1684,333mbf
Mattia Perego,1732,minx
Israel Springer,1743,666
Mattia Francardi,1756,777
Christian Pizzasegola,1769,skewb
Fabio Piumatti,1776,333fm
Tommaso Zoffoli,1776,333fm
Marco D'Addezio,1777,magic
Luciano Spada,1789,333bf
Samuele Cancemi,1815,pyram
Mirko Colangeli,1831,magic
Luigi Lunardon,1839,mmagic
Danilo Caimano,1847,333ft
Andrea Pappalardo,1876,777
Martino Giorgetti,1889,magic
Daniele Gennara,1936,333fm
Alberto Monterisi,1945,333
Giorgio Zonta,1956,333
Sofia Saletnich,1966,clock
Stefano Zorzi,1972,minx
Paolo Bartolucci,1976,777
Lorenzo Pillon,1980,777
Marco Antinori,1985,clock
Davide Merli,2020,333
Raffaele Bonifazi,2036,sq1
Michele Russo,2079,magic
Riccardo Voci,2079,sq1
Gabriele Franzini,2109,333
Daniele Lacalamita,2115,777
Enrico Tenuti,2138,sq1
Michael Volpe Mayerle,2162,333mbf
Salvatore Russo,2191,666
Selena Bailo,2196,magic
Nicola De Cao,2213,333mbf
Claudio Moriello,2224,magic
Gabriele Longo,2225,minx
Marco Signorini,2225,333mbf
Martin Benaduce,2242,skewb
João Pedro Antonucci Rezende,2249,333fm
Mirko Tsakarissianos,2253,pyram
Walter Antonio Monti,2269,333mbf
Matteo Miodini,2296,skewb
Emanuele Lamon,2345,minx
Lorenzo Aureli,2377,sq1
Federico Gerli,2399,sq1
Riccardo Raciti,2411,777
Giovanni Marchetti,2427,minx
Marco Verdicchio,2442,magic
Vijay Deegan,2461,clock
Lorenzo Corradin,2477,minx
Alessandro Pizzi,2477,minx
Luca Bellitti,2480,333bf
Nicola Formentin,2506,magic
Andrew Verducci,2518,333
Giuseppe Manzo,2526,magic
Gabriele De Matteis,2531,222
Leonardo Savi,2565,333fm
Sadid El Mehdi,2566,magic
Jacopo Cardone,2607,magic
Fabio Calamati,2612,222
Daniele Moretti,2658,pyram
Paolo Rosson,2668,333bf
Lorenzo Giulio Ricci,2676,333fm
Riccardo Fiore,2685,333ft
Nicola Mazza,2694,skewb
Alessandro Scanu,2726,magic
Luca Rannisi,2771,777
Valerio Colapinto,2783,sq1
Giacomo Amati,2794,444
Marco Larotonda,2797,333ft
Gianluca Colizzi,2821,minx
Dario Bianchini,2837,333oh
Raffaele Pascazio,2871,sq1
Alessandro Calzolaro,2908,333bf
Nicolò Quaresima,2915,777
Federico Rinalduzzi,2932,777
Andrea Princic,2991,333
Jungqiang Chen,3021,clock
Valerio Maggi,3031,sq1
Federico Masilunas,3061,magic
Giorgio Zaccaria,3069,333bf
Andrea Beretta,3078,clock
Giulia Accorsi,3082,444
Giacomo Daniele Corò,3085,333
Vincenzo Millemaci,3164,magic
Tommaso Lunghi,3169,333bf
Paolo Mazzei,3172,333fm
Alfredo Glioti,3192,magic
Pietro Bianco,3254,222
Emanuele Scibilia,3257,magic
Caterina Pali,3272,333oh
Marco Fiore,3300,magic
Yuri Donati,3354,sq1
Davide Corsi,3421,magic
Matteo Binello,3435,magic
Francesca Argenta,3435,magic
Alberto Colautti,3445,222
Jacopo Mucci,3466,magic
Daniil Badalato,3529,pyram
Pietro Vigani,3538,magic
Mattia Martino,3543,skewb
Emanuele Marchesi,3578,minx
Gabriele Gambino,3637,pyram
Attilio Buttiglione,3653,777
Marco Minici,3684,444
Gabriele Spedicato,3688,333fm
Ilaria Rigolon,3716,magic
Diego Pirovano,3743,333oh
Sara Cappelli,3747,sq1
Stefano Zanini,3780,magic
Luca Quaglia,3830,clock
Marco Iamonte,3838,666
Leonardo Oppi,3857,333bf
Mirko Calzolaro,3862,magic
Flavio Bocola,3874,333
Diego Eustachio Farchione,3880,sq1
Andrea Magrin,3893,222
Lorenzo Magnarin,3893,222
Ivan Enrico,3922,magic
Klaus Kaserer,3930,magic
Carmelo Piazza,3934,333
Mattia Salomone,3951,333fm
Alessandro Simone,3959,222
Elias Walter Ebner,3979,sq1
Ciro Vignotto,4055,minx
Luca Marseglia,4100,333bf
Victor Giaquinto,4196,333fm
Ivan Fraioli,4196,333fm
Lorenzo Guglielmi,4239,333bf
Valerio Raimondi Vallesi,4252,sq1
Lorenzo Guarini,4254,sq1
Rafaela Estrada,4256,clock
Federico Basanese,4262,333
Leonardo Passafaro,4270,222
Aleandro Francesco Piccione,4287,333bf
Simone Cipriano,4292,sq1
Giulio Chiminelli,4303,minx
Davide Cistulli,4346,magic
Davide Azzini,4368,333bf
Filippo Mancini,4402,333fm
Davide Murciano,4409,444
Alessio Vitale,4414,skewb
Giulio Evangelisti,4451,pyram
Tommaso Martini,4514,222
Leonardo Zara,4544,minx
Stefano Savastano,4549,magic
Matteo Parodi,4550,222
Luigi Borzillo,4551,magic
Valerio Ferraro,4630,333fm
Elio Greggio,4630,333fm
Gianluca Palo,4646,skewb
Enrico Tomatis,4734,333bf
Antonio Barba,4769,777
Dario Angelo Narbone,4800,444
Luca Saracino,4800,pyram
Daniele Buccolieri,4844,pyram
Gabriele Marchitelli,4848,skewb
Andrea Altieri,4859,sq1
Nino Monserrato,4984,333bf
Alessandro Galloppo,4985,pyram
Simone Pellegrini,5011,333oh
Gabriele Zanni,5028,333fm
Angelo D'Andrea,5028,333fm
Lorenzo Ciarlatani,5037,skewb
Giorgio Constantino Buruian,5048,777
Lorenzo Bianco,5079,333
Davide Macri,5084,333oh
Alessandro Calanna,5107,clock
Leonardo Fragapane,5109,clock
Cristian Scaglioso,5144,333oh
Michele Scattola,5173,sq1
Claudio Perrone,5175,333
Gian Maria Gnecco,5280,333bf
Stefano Dezuanni,5355,sq1
Piero Cianciotta,5385,333fm
Filippo De Lucchi,5455,333bf
Simone Rizzo,5460,555
Davide Ferraro,5501,333
Samuele Madau,5529,333fm
Federico Mazzetto,5529,333fm
Jordan Crippa,5529,333fm
Daniele Stella,5652,333oh
Lorenzo Maria Russo,5670,sq1
Elisa Gasperotti,5671,333fm
Mirko Morati,5678,333bf
Alessandro Casarin,5683,sq1
Marco Albertazzi,5689,sq1
Piernicola Scalzi,5754,444
Tommy Hu,5808,333fm
Giovanni Marconi Nalim,5851,pyram
Lapo Saccardi,5956,333
Andrea Macrì,6013,skewb
Sofia Malatesta,6049,333fm
Luca Nicolosi,6126,666
Riccardo Munaro,6134,333fm
Gabriele Catarsi,6179,333
Eros Gianaria,6183,777
Sami Stracquadanio,6185,skewb
Francesco Negriolli,6210,333bf
Valerio Antonini,6218,333fm
Leonardo Brandolini,6226,222
Andrea Marucci,6312,777
Maximus Diego Sironi,6340,minx
Andrea Lambertini,6351,222
Francesco Carannante,6367,333fm
Giovanni Bazzani,6413,skewb
Gabriele Bacchieri,6481,444
Carlo Fagioli,6501,skewb
Gabriele Mansi,6514,666
Eugenio Spadafora,6618,333fm
Andrea Tonoli,6624,clock
Stefano Fava,6685,666
Luigi Riccio,6703,333fm
Francesco Galetta,6738,333fm
Tiziano Arcifa Agatino,6785,clock
Giorgio Giannantoni,6836,333bf
Lorenzo Gaviani,6847,pyram
Nicholas Iperti,6851,sq1
Silvia Boscolo Bariga,6920,clock
Matilde Bandini,6968,444
Dario Doninger,7041,333
Gabriele Lazzarotto,7045,minx
Mattia Riva,7079,sq1
Valerio Alfano Raddavi,7093,222
Federico Cazzaniga,7281,666
Filippo Mascheretti,7306,444
Raffaele Tolomelli,7320,pyram
Luojin Xu,7357,minx
Luca Spagnolo,7360,clock
Gianluca Monopoli,7372,222
Matteo Cucinotta,7420,skewb
Rocco Barberis Canonico,7424,pyram
Giuseppe Pio La Castellana,7459,clock
Filippo Vigani,7675,clock
Michele Spagnolo,7812,clock
Stefano Dalla Longa,7842,sq1
Luca Rossin,7892,skewb
Simone Traverso,7927,333
Fabio Asaro,7966,333oh
Marcello Fantuzzi,8036,333
Federico Brusadin,8065,sq1
Davide Cioni,8150,333oh
Riccardo Cimma,8187,pyram
Filippo Gragnoli,8217,skewb
Eduard Lucaci,8298,333
Mattia Stella,8329,pyram
Kevin Tomasoni,8372,minx
Eleonora Giangrandi,8403,333
Giandomenico Scalzi,8426,222
Michele Doronzo,8474,444
Michele Garuti,8477,555
Stefano Gammelli,8520,minx
Alessandro Carconi,8578,pyram
Simone D'Amico,8599,sq1
Marco Lapadula,8674,pyram
Riccardo Perrone,8706,pyram
Michele Pisani,8751,sq1
Domenico Chilà,8757,444
Luca Rossini,8869,pyram
Alberto Cimmino,8960,555
Alex Cipriani,9088,minx
Vittorio Barbato,9189,444
Monica Suraci,9191,pyram
Carolina Piccolella,9428,pyram
Samuele Zucca,9466,222
Alessandro Dibitonto,9473,pyram
Anna Gruber,9499,sq1
Milo De Nadai,9566,pyram
Chiara Molinari,9684,sq1
Niccolò Peretto,9733,444
Eros Trevisiol,9864,sq1
Alessandro Calzoni,9900,333oh
Gabriele Ghione,9960,sq1
Samuele Spina,10040,333oh
Flavio Capulli,10183,pyram
Fabio Merici,10183,sq1
Emanuele Cavaglià,10197,sq1
Luca Tincani,10339,222
Ivan Federspieler,10388,pyram
Daniele Zerilli,10432,222
Claudia Brighina,10460,444
Marco Pozzati,10479,pyram
William Forestiere,10601,444
Pietro Peri,10625,sq1
Josuè Pangrazzi,10673,444
Luca D'Urbano,10901,333
Giulio Abramo,11033,minx
Diego Catà,11052,222
Andrea Chiaramello,11146,222
Matteo Buttazzo,11146,sq1
Federico Calvagno,11310,sq1
Alberto Infantino,11360,minx
Davide Anterini,11489,222
Andrea Vettorazzo,11495,333oh
Giuseppe Calandrino,11778,pyram
Tommaso Cicconofri,11782,222
Omar Contin,11799,sq1
Giuseppe Di Febbraro,11804,333
Davide Celano,11835,sq1
Alessandro Cadei,11871,minx
Pietro Sala,11880,sq1
Andrea Mascaro,11893,222
Thomas Picerno,11905,555
Davide Mancarella,11954,skewb
Jean Alfred Gargano Alomia,11985,pyram
Federico Baravalle,11985,pyram
Alfonso D'Angiò,12004,555
John Nicholan Pangan,12110,skewb
Martino Castellana,12110,skewb
Francesco Bormè,12153,pyram
Riccardo Bonanomi,12282,minx
Francesco Dotto,12337,pyram
Fabio Moscatiello,12361,minx
Samir Piazzano,12511,minx
Valentina Panzuto,12641,minx
Simone Cutrona,12724,minx
Nicola Boccabella,12746,333oh
Pasquale Scalise,12765,skewb
Antonio Durante,12771,pyram
Kevin Juvany,12841,minx
Flavio Antonini,12860,222
Alessandro Trenta,12947,555
Riccardo Carletti,13025,555
Giuseppe Parisella,13051,222
Francesco Govoni,13076,pyram
Tommaso Venzi,13097,minx
Ines Federspieler,13269,skewb
Andrea Di Michele,13358,333oh
Maurizio Elvis Claudio Masseni,13434,555
Edoardo Feraco,13511,pyram
Luca Musone,13511,pyram
Elena Berselli,13553,minx
Marco de Biase,13652,minx
Riccardo Brancaleoni,13659,222
Andrea Farolfi,13726,333
Raphael Pasuto,13752,333oh
Alessandro Sebastiani,13859,222
Falco Marchi,13928,minx
Aris Patronis,13944,skewb
Federico Pace,13973,skewb
Alessio Mortillaro,14095,pyram
Alessandro Flati,14110,minx
Liam Edward Slater,14224,minx
Mattia Finotti,14235,skewb
Marco Langella,14242,pyram
Riccardo Galanti,14299,pyram
Tommaso Tovoli,14319,333oh
Albiero Beniamino,14361,222
Matteo Babini,14380,333
Francesco Riccardi,14411,222
Claudio Fabrizio Scalia,14411,222
Martina D'Amante,14454,222
Vittorio Brown,14466,skewb
Daniel Tinazzi,14512,333
Francesco Longo,14563,444
Nani De Marchi,14573,333oh
Filippo Giunta,14659,333
Carlo Emanuele Marino,14662,minx
Cristiano Alba,14690,555
Nicolas Baldassarri,14691,333oh
Leonardo Bonaventura,14787,minx
Mosè Colangelo,14862,333
Lorenzo Scognamiglio,14921,555
Samuele Gigli,14998,pyram
Ishwara Leonardo Karim Lutsenko,15027,minx
Christopher Cusumano,15122,minx
Francesco Rossi,15154,pyram
Daniele Dominici,15186,skewb
Angelo Pandolfi,15235,pyram
Lorenzo Sartini,15243,pyram
Lapo Staccioli,15252,minx
Lorenzo Zorloni,15391,333
Ignacio Cuzzolino Aste,15509,minx
Claudio Romano,15687,555
Andrea Ciolfi,15767,222
Alessandro Pantano,15810,444
Stefano Castagneto,15890,555
Gabriele Buzzi,15982,444
Thomas Villano,16048,222
Marco Sambati,16201,555
Salvatore Plaia,16243,skewb
Luca Dal Forno,16284,pyram
Federico Badioli,16347,444
Daniele Amodio,16434,333
Daniele Lops,16473,pyram
Alessandro Zangolini,16563,333
Fabio Dragone,16614,pyram
Daniele Gaggiotti,16633,555
Giovanni Tramontano,16671,444
Alberto Giabardo,16693,555
Diego Antonino Caligiore,16879,333oh
Daniele Ravasio,16949,555
Riccardo Paoli,16965,333
Ludovico Sergiacomi,16990,pyram
Alejandro Salerno,17004,222
Christian Moccia,17098,pyram
Gino Matteo Morello,17116,333
Luca Adorante,17224,222
Michele Bastione,17273,555
Damiano Bacchin,17393,555
Tommaso Perli,17508,skewb
Roberto Marcianó,17529,333
Davide Liuzzo,17582,333
Lucia Perezzani,17753,skewb
Gabriele Benenati,17754,222
Alessandro Magenis,17832,555
Matteo Maggiali,17958,pyram
Lorenzo Di Tore,17975,333
Mauro del Viscovo,18003,skewb
Luca Bonisoli,18014,555
Damiano Bordoni,18079,222
Dennis Mascia,18159,555
Giovanni Gaio,18202,333oh
Giovanni Callegaro,18241,555
Costanza Collinvitti,18368,pyram
Filippo Di Biase,18383,222
Leonardo Guastini,18594,skewb
Matteo Bonifazi,18682,skewb
Christian Tiziani,18722,555
Riccardo Silvestri,18755,555
Aurora Zambelli,18800,pyram
Remo Alla,19071,333oh
Giacomo Canta,19076,222
Simone Garzarella,19150,222
Stefano Ravaglia,19152,555
Luca Galeazzo,19364,444
Daniele Buglione,19432,333
Nicola Jian Wang,19463,555
Marco Bellini,19481,555
Matteo Joseph Delgado,19555,pyram
Gianandrea Muratori,19661,skewb
Alessandro Ducci,19749,skewb
Pietro Marchica,19751,pyram
Alessandro Stella,19751,555
Francesco Gragnoli,19803,skewb
Michele Damiano,19922,555
Oleg Ludovico Montanelli,19946,333oh
Lorenzo Rainò,19949,skewb
Gabriele Christian Giorgi,19953,222
Felice Mondo,20020,pyram
Federico Scrinzi,20059,555
Tommaso Dossi,20103,333oh
Giorgio Garagnani,20205,pyram
Giorgio Ferrara,20282,555
Fabio Rabito,20295,555
Gianni Calabrese,20328,333
Gianpaolo Di Nino,20367,555
Andrea Boroni Grazioli,20406,333oh
Paolo Vasinton,20477,555
Davide Paoloni,20556,222
Mattia Pirozzi,20567,pyram
Davide Rabito,20653,555
Giulio Improta,20704,444
Claudio Centrone,20738,555
Lorenzo Pagan,20839,333
Ivan Acierno,20841,555
Carlo Simone,20901,555
Alessandro Carota,21087,222
Gabriele Stigliano,21152,pyram
Francesco Arcione,21177,pyram
Mirko Giannini,21188,222
Giuseppe Scordo,21211,333oh
Pietro Sgroi,21393,444
Giovanni Artini,21420,skewb
Filippo Nuzzoli,21433,pyram
Luigi Garcea,21618,333oh
Alessio Colombo,21666,skewb
Alessandro Cristofanilli,21692,333
Anna Fabris,21716,pyram
Andrei Apostu,21722,pyram
Francesco Tanzarella,21828,333
Alessandro Lugari,21924,333
Carmine Mattia Marino,22021,444
Gian Marco Ciaccia,22028,skewb
Pietro Molaioni,22172,skewb
Dennis Correro,22284,333
Christian Gruber,22370,pyram
Lorenzo McMahon,22434,skewb
Leonardo Gualandris,22508,333
Massimiana D'Elia,22705,444
Luca Pasquale Russo,22722,222
Matteo Barone,22759,444
Lorenzo Castorri,22979,skewb
Luca Feliciotto,22988,222
Alessio Buoncristiani,23162,skewb
Angelo Alfio Faro,23181,222
Flavio Sperandeo,23276,pyram
Francesco Pham,23364,333
Marco Guidi,23560,pyram
Riccardo Raimondi-Cominesi,23611,222
Valerio Scisci,23900,444
Patrizio Di Meo,23909,skewb
Alberto Anselmo,23994,333oh
Angelo Amoako,24013,333
Marco Cappiello,24021,333oh
Michael Hu,24068,pyram
Alessandro Coturni,24272,222
Errico Pedroni,24542,222
Riccardo Pironti,24603,222
Luca Zanella,24643,444
Simone Rauso,24708,pyram
Giulia Casella,24845,444
Carlo Carello,24854,222
Maurizio Errico,24951,333oh
Matteo Pagano,25041,444
Andrea Regazzetti,25329,444
Ilaria Nissotti-Revel,25333,pyram
Alessio Trombin,25376,skewb
Matteo Martino,25465,222
Francesco Liguori,25561,222
Alessia Maria Arcione,25603,skewb
Luca Sorice,25833,444
Mirco De Zorzi,25861,pyram
Zeno Maccari,25896,333oh
Marco Ubino,26035,333
Lorenzo Mazzuoli,26149,333oh
Alessio Alfonsi,26158,333
Omar El Neanai,26200,222
Simone Munzone,26233,pyram
Iacopo Loiodice,26398,444
Mosè Filippo Lancellotti,26425,222
Fabio Gulmini,26688,skewb
Vincenzo Sampietro,26843,444
Federico Manera,26949,pyram
Edoardo Landa,26965,pyram
Giacomo Grosso,26995,333oh
Valerio Mascelloni,27055,skewb
Pietro Macrì,27205,333
Davide Macera,27208,333
Samuele Rodighiero,27242,333
Francesco Nieri,27255,pyram
Daniele Puglisi,27775,pyram
Pietro Gorilskij,27995,444
Nicola Thevenet,28260,444
Pietro Casu,28282,333
Lorenzo Assiro,28718,222
Davide Maietta,28748,444
Nicolò Matteucci,28917,333
Davide Aime,28974,333oh
Niccolò Pirani,29145,222
Giuseppe Galetta,29227,skewb
Massimo Pavoni,29332,444
Michele Turrina,29359,333oh
Lorenzo Piccinelli Harold,29365,333oh
Gabriele Duchi,29477,pyram
Filippo Costa,29498,333oh
Massimiliano Mongiu,29531,333
Emanuele La Rosa,29628,444
Luca Saverio Ghinfanti,29700,222
Alessandro Loprete,29718,333oh
Daniele Parini,30022,skewb
Vincenzo Magliulo,30111,pyram
Leonardo De Angelis,30157,pyram
Lorenzo Filigi,30271,222
Alessandro Marinelli,30416,444
Marco Dignani,30483,333oh
Mattia Zago,30744,pyram
Emanuele Rizzo,30774,333
Matteo Giacomozzi,30850,444
Stefano Pegoraro,30890,skewb
Giacomo Calcaterra,31038,skewb
Alessio Casella,31097,222
Mirko Celano,31140,skewb
Davide Ronchi,31140,444
Edoardo Ricci,31166,pyram
Samuele Piantini,31196,222
Guido Russo,31196,222
Matteo Piccapietra,31197,333oh
Veronica Piccinni,31209,skewb
Valentina Violante,31312,skewb
Antonio Costetti,31401,skewb
Lorenzo Mariotti,31444,333oh
Lorenzo Volpi,31680,444
Giacomo Rosini,31854,444
Leonardo Canello,32228,skewb
Francesco Piccione,32263,333
Filippo Maria Travisani,32360,skewb
Gianluca Senesi,32360,444
Raffaele Martini,32423,333oh
Alessandro Pe,32582,333
Luca Sirci,32834,skewb
Nicolò Taricco,33024,skewb
Joshua Rizzello,33079,444
Elia Nicola Coppola,33092,pyram
Andrea Nicoletti,33117,444
Giuseppe Masini,33141,444
Emanuele Bianchetti,33182,333
Gabriele De Pascalis,33265,skewb
Fabio Roscigno,33461,333
Nicolò Dilettuso,33471,pyram
Tiziano Bernardi,33565,pyram
Roberto Fantini Perullo,33588,skewb
Pietro Michelangeli,33704,pyram
Limin Hu,33811,333
Filip Zashev,33846,333oh
Daniele Coluccini,34010,333oh
Matteo Conti,34100,444
Francesco Malaguti,34129,222
Manuel Patriarca,34220,222
Alessio Nannucci,34262,333oh
Marco Lama,34313,222
Hashmi Antonio Di Giacomo,34370,333
Paolo Sculli,34409,333
Alessia Mercuri,34459,333
Francesco Naccarato,34553,444
Antonio Mari,34588,333oh
Angelo Zuppa,34615,333
Flavia Fangano,34878,pyram
Riccardo Borsani,35003,222
Emanuele Cuzzocrea,35011,333
Federico Papa,35285,pyram
Daniel Theurillat,35439,333
Gianpaolo Miranda,35587,333oh
Matteo Lupoi,35683,pyram
Angelo Landi,35762,444
Edoardo Porena,35766,333oh
Marco Guidi,35805,444
Mauro Matranga,35834,222
Pietro Zagagnoni,36066,pyram
Francesco Moreschi,36160,444
Flavio Di Giorgio,36197,333oh
Mattia Campione,36282,pyram
Giacomo Scortecci,36386,222
Francesco Sportelli Erik,36424,444
Elvis Ede,36684,333oh
Vico De Nadai,36731,pyram
Jonathan Bergamelli,36753,444
Johnny Salaroli,36864,444
Eugenio Tricomi,36879,444
Riccardo Scrinzi,36952,333oh
Noam Lenarduzzi,37063,pyram
Chiara Spagnoli,37159,333oh
Davide Iannuzzo,37294,444
Loris Topa,37387,333oh
Simone Angelotti,37590,pyram
Carmine Panna,37830,333oh
Manuel Sordi,38008,444
Giorgio Vinetti,38119,333
Samuele Baldi,38173,444
Matteo Dal Grande,38176,333oh
Andrea Arnau,38302,444
Andrea Campisi,38332,444
Tiziano Pavone,38418,444
Lorenzo Venturi,38489,333
Davide Ferrara,38494,333oh
Christian Marini,38512,pyram
Valerio Damiano,38533,222
Nicolò Cretti,38807,222
Fabio Chiarini,38879,333
Lorenzo Tendola,38894,222
Denis Malvezzi,39180,222
Alexander Stürz,39243,444
Francesco Forte,39403,333
Vanessa Chimienti,39636,444
Andrea Clementi,39955,333
Pierfrancesco Cafaro,40132,444
Matteo Barone,40164,444
Andrea Smaniotto,40237,333
Rocco Stabile,40666,444
Luca Simone,40786,444
Antonio Marchizza,40834,pyram
Pietro Rinaldi,40834,444
Grace Tofone,40848,444
Mattia Montigiani,40877,pyram
Alessandro Buono,40928,444
Nicola Francesco Polino,40983,222
Pietro Domenico Trevisan,41229,444
Giovanni Angarola,41272,444
Maria Giovanna Martello,41307,444
Andrea De Paolis,41442,444
Dario Tona,41608,444
Pietro Brunengo,41715,333
Nicolas Gagliardi,41943,222
Matteo Fantasia,42057,444
Niccolò Lo Presti,42103,pyram
Valerio Facchini,42108,444
Corrado Verdino,42200,222
Matteo Damiano,42527,222
Christian Bonerba,42656,pyram
Laura Sala,42682,444
Ilaria Sabeni,42713,pyram
Matteo Bonotto,42727,222
Franco Alessandro Briccoli,42752,444
Carlotta Russo,42786,444
Lorenzo Ricci,42847,444
Dario Santucci,43235,pyram
Siro Saronni,43309,pyram
Luca Rastelli,43315,333
Flavio Conti,43708,333
Arianna Forte,43959,pyram
Johannes Innerhofer,44013,222
Simone Yuji Gubbini,44087,333
Leonardo Peroni,44493,222
Nicola Romano,44493,222
Gianluca Leo,44755,pyram
Daniele Amoroso,44791,222
Valentina Ladurini,45083,pyram
Giuseppe Marcellino,45102,pyram
Marco Gianni Levati,45264,333
Lio Tarquino,45296,222
Aurelio Liotta,45296,222
Andrea Rubino,45386,222
Cristian Bettosti,45595,333
Simone Belladelli,45826,222
Marco Ponzio,45843,333
Francesco Nasce',45928,pyram
Giovanni Valdes,46431,pyram
Francesco Perinti,46802,333
Enea Nika,47128,222
Christian Nunzio Pecorai,47136,333
Nicola Placuzzi,47247,pyram
Federico Rossa,47267,222
Ulisse Palmiero,47489,pyram
Daniele Mulliri,47567,333
Federico Alessandro Ionita,47837,pyram
Tommaso Salvitti,47844,pyram
Lorenzo Nigro,48035,pyram
Emanuele Tempra,48151,333
Rita Simone,48352,pyram
Lucrezia Aiello,48378,333
Simone Ballerini,48438,333
Federico Celli,48555,333
Luca Di Gioia,48618,333
Ludovico Martinelli,48641,222
Francesca Marziano,48818,pyram
Flavio Peretta,48855,222
Achille Altio,48855,222
Giuseppe Ovidio,48923,pyram
Filippo Bertolotti,48943,333
Nicolò De Marchi,48976,222
Giovanni Giacalone,48982,333
Daniele Venier,49244,333
Alessandro Favilli,49245,222
Riccardo Moro Ciavolella,49448,pyram
Davide Ruggero,49581,333
Roberto Raciti,49620,pyram
Andrea Garbellini,49785,222
Sara Caristia,49831,pyram
Niccolò Infante,49835,222
Gianluca De Lucia,50538,222
Federico Pappani,51135,333
Andrea Cremoni,51164,222
Stefano Parisotto,51164,222
Lorenzo Pinnone,51325,333
Michele Ongis,51388,222
Michele Ovidio,51563,pyram
Silvio Barbanera,51624,333
Benedetto Borsellino,51839,222
Alessandro Mario Rubino,51925,pyram
Alberto Dominijanni,52136,pyram
Alessia Novizio,52335,222
Davide Lapadula,52419,pyram
Lorenzo Pessola,52450,pyram
Lorenzo Catani,52813,333
Carlo Arnone,53065,pyram
Simone Ripamonti,53333,333
Andrea Vitaliti,53412,pyram
Andrea Lenti,53474,333
Bruno Rosa,53746,333
Alessandro Allegra,53757,pyram
Gabriele Dalla Longa,53768,pyram
Mirko Castano,53873,222
Tommaso Bevilacqua,54164,333
Francesco Di Turi,54304,222
Victor Morreale,54475,pyram
Valerio Venanzi,54548,333
Rohil Macini,54599,333
Mauro D'Alanno,54713,333
Edoardo Alessandroni,54760,222
Matteo Bonino,54863,222
Matteo Tedesco,55005,222
Giuseppe D'Ambrosio,55018,pyram
Gabriele Gamba,55054,222
Alessandro Caselli,55096,333
Ezio Marini,55172,222
Federico Apollaro,55219,222
Pietro Cucinotta,55405,222
Fabrizio D'Angelo,55405,222
Stefania Pisu,55516,pyram
Francesco Lazzarotto,55540,222
Michele Manni,55582,333
Fabio Germinario,55628,333
Damiano Cova,55851,pyram
Lorenzo D'angelo,56082,pyram
Giorgia Brighina,56222,333
Alice Placenti,56257,pyram
Camilla Bianchini,56682,pyram
Thomas Topini,56711,222
Dario Signorello,56762,pyram
Gaetano Zumbo,56762,333
Mattia Morbello,56869,333
Laura Passafiume,56872,pyram
Manuel Andreotti,57060,pyram
Gabriele Garagnani,57064,pyram
Valeria Mazzola,57332,333
Giacomo Anerdi,58082,222
Lorenzo Sammartino,58082,222
Luca Parmeggiani,58231,222
Riccardo Martorana,58273,222
Alessandro Monti,58407,333
Lorenzo Vagnoni,58499,pyram
Leonardo Pollini,58549,333
Massimo Perelli,58828,333
Eugenio Bonetti,58834,333
Luca Gaddini,59043,pyram
Tommaso Palladini,59469,222
Daniele Orlandini Zanini,59522,333
Gabriele Giaconi,59567,222
Alessio Amoroso,60311,pyram
Greta Damo,60332,222
Cristian Pierferdinando De Rito,60478,333
Michele Pecoraro,60508,222
Sadid Ayoub,60645,222
Luciano Ventura,60771,333
Elsa Greggio,60889,pyram
Valerio Battistini,60930,pyram
Davide Scipioni,61340,333
Enrico Brienza,61557,222
Carlo Galimberti,61967,333
Gabriele Manfrini,62130,222
Cosimo Decataldo,62130,333
Arianna Frisoli,62169,222
Antonio Pirro,63092,222
Alessandro Morina,63283,333
Giorgio Riccobono,64286,333
Simone Lizzo,64413,222
Martin Guadagnini,64558,333
Giacomo Pizzi,64865,222
Francesco Azzarà,65235,333
Kevin Bellocchio,65461,333
Leonardo D'Amato,65631,222
Ivan Milocco,65986,333
Luca Finocchio,66824,333
Matteo Bianchini,67275,222
Paolo Pellegrino,67603,222
Fabrizio De Matteis,67872,333
Flavio Surya Rossi,68479,333
Francesco Cappelletti,68496,333
Francesco Massei,68521,333
Giacomo Figoni,68923,333
Simone Martinotti,69145,333
Alessandro Zavaglia,69393,333
Francesco Capomassi,69584,333
Gaetano Valentino,69634,222
Raffaele Varacalli,69800,333
Mattia Micheletta Merlin,69855,333
Alessandro Mazzetto,70354,222
Leonardo Grimandi,70950,333
Alessio Legori,71406,333
Nicolò Monica,71406,333
Giacomo Cerutti,71548,222
Francesco Beraghi,71598,222
Jack Hu,71618,222
Carmine De Benedittis,71766,333
Lorenzo Chabanis Lombardo,72142,333
Daniel Dexter,72398,222
Mario Mormile,72482,222
Sofia Masini,72699,333
Alice Proietti,72988,333
Riccardo Fina,73351,222
Michele Marinucci,73701,333
Brando Chiarella,73805,333
Emanuele Cardinali,73950,333
Samuel Inhofer,74063,222
Thomas Carli,74322,222
Davide Evangelista,74452,222
Niccolò Maniscalco,74594,222
Federico Tassone,74773,222
Marco Tanfoni,75033,333
Lorenzo Dalle Fratte,75072,333
Edoardo Quirino,75172,222
Federico Sannicolò,75742,333
Francesco Sangalli,75838,333
Giuseppe Miccoli,76446,333
Giuseppe Giarratana,76581,222
Cristian Regusini,76687,333
Nicolò Bonesini,77005,333
Matteo Valentini,77353,222
Luca Gensini,77757,222
Claudio Martone,78315,333
David Ralph Felix Menon,78390,333
Paolo Muzzi,78441,333
Andrea Lacchia,78466,333
Mattia Gianotti,78541,333
Nicholas Cattaneo,79077,222
Riccardo Campagna,79207,222
Luca Cattaneo,79298,222
Marco Specchia,79312,333
Alex Amadei,79358,222
Ezio Esposito,79420,333
Elia Roma,80121,333
Gaspare Pio Renna,80723,222
Edoardo Cattivera,80919,333
Giovanni Morandi,80988,222
Lorenzo Legnante,81020,222
Filippo Aldrovandi,81458,222
Andrea Testa,81787,333
Giuseppe Romeo,81904,333
Mirco Conti,82092,222
Mattia Saponaro,82113,222
Marco Dal Gazzo,82116,333
Stefano Buongarzone,82120,333
Aurelio Amerio,82315,222
Umberto Corsi,82426,222
Veronica Vailati,82842,222
Francesco Pio Monteleone,82957,333
Davide Lettieri,83087,333
Jacopo Roncelli,83308,222
Giuseppe Pezzolla,83489,222
Enrico Tommasi,83506,222
Thomas Benevento,83600,222
Alessio Mantonico,83629,333
Ludovico Muretti,83790,222
Annarita Fusco,83851,222
Andrea Lazzarin,84108,333
Giovanni Razzino,84136,222
Ilaria Accorsi,84370,222
Mauro Carminati,84599,333
Umberto Lasco,84623,333
Pierluigi Parisella,84674,222
Julian Frisoli,84779,222
Andrea Zamuner Cervi,84824,222
Isac Trentini,85117,333
Simone Vendramin,85239,222
Giacomo Manzoni,85822,333
Giuseppe Sapia,85954,333
Cristian Cinieri,86006,333
Francesco Langiulli,86073,222
Luciana Formenti,86342,222
Chiara Placenti,86366,222
Kevin Ripamonti,86530,222
Davide Servidio,86592,333
Gabriele Giandinoto,86679,222
Andrea Caligaris,86802,333
Alessio Arena,86917,222
Carlo Ravizzoli,87043,333
Tommaso Ravera,87255,222
Lucia Gaetani,87483,222
Andrea Parente,87579,333
Lorenzo Ferrini,87721,333
Giulio De Meo,87902,222
Vincenzo Buscemi,87937,222
Alberto Bazzucco,87998,333
Loris Mantini,88227,333
Leonardo Benedetti,88394,333
Francesco Marcellino,88578,222
Ginevra Malatesta,88776,222
Davide Grandi,89235,222
Mario Di Carlo,89268,333
Pietro Fugazzotto,89306,333
Davide Fortin,89840,333
Fabio Prencipe,89873,333
Nil Arnés Iranzo,90165,333
Mattia Sorzé,90259,333
Jacopo Chiogna,90734,333
Alessandro Ioio',90948,222
Alessandro Grillo,90998,333
Giovanni Gentile,91672,222
Christian Pomes,91809,333
Alexis Bonazzi,92170,333
Lorenzo Ercoli,92716,333
Jury Mastrangelo,93850,333
Mauro Losciale,94029,333
Walter Delvillani,95551,333
Ryusei Marignani,95675,333
Gaia Sanità,96277,333
Matteo Mirk,97139,333
Matteo Orselli,97490,333
Fabio Covito,97494,333
Gianmarco Lusvardi,97744,333
Nicola Mastronicola,98285,333
Stefano Dal Pozzo,98889,333
Pietro Frecassetti,99037,333
Diana Ravaldi,99548,333
Riccardo Testa,99572,333
Erik Giacomelli,99870,333
Daniele Vretenar,100016,333
Vittoria Mascheretti,100384,333
Stefano Ferrari,100439,333
Matthias Kaserer,100635,333
Claudia Zago,100899,333
Riccardo Chabanis Lombardo,100975,333
Niccolò Villaggi,101516,333
Roberta Ciampi,101598,333
Leonardo Demutti,101598,333
Alfio Raciti,101738,333
Jacopo Pio Gargano,101958,333
Paolo Colombini,102526,333
Samuele Gesini,102638,333
Alessio Gaddi,102656,333
Beatrice Moneta,102883,333
Federico Pizzini,103211,333
Cristian Gamba,103550,333
Alessio Sarti,103719,333
Alessio Sartori,103769,333
Matteo Lorenzini,104069,333
Giorgio Canova,104343,333
Segu Niccolò,105036,333
Alessandro Bicorgni,105356,333
Matteo Rigoni,105666,333
Cecilia Tabet,106121,333
Tommaso Giroletti,106578,333
Lorenzo Busso Abbondanza,106968,333
Luca Terrone,107002,333
Stefano Baldi,108058,333
Carlotta Mazzucchelli,108220,333
Davide Vanoncini,108650,333
Giulio Martini,108846,333
Luca Pichenstein,109009,333
Emilio Mastria,109627,333
Francesco Noseda,109878,333
Luca Pizzichemi,109884,333
Paolo Gioveni,109958,333
Adriano Oliviero,110025,333
Michele Iannello,110232,333
Giacomo Beretta,110485,333
Alessio Guerra,111524,333
Alessio Cocira,111915,333
Matteo Danelutti,112264,333
Samuele Tognolo,113344,333
Niccolò Marcolini,113575,333
Geremia Lama,113984,333
Silvia Gaudiello,114094,333
Massimiliano Cattaneo,115012,333
Stefania Sartori,115741,333
Arianna Ladurini,115783,333
Alessia Pinto,116151,333
Eleonora Verdigi,116342,333
Davide Sangalli,116541,333
Martina Piola,116622,333
Lorenzo Valerio Cogo,116844,333
Giovanni Casagrande,117064,333
Mattia Solano,117979,333
Luigi Rinaldi,118048,333
Mattia Zucchetti,118846,333
Alessio Rendina,118846,333
Alex D'Amato,118984,333
Matteo Sanità,119234,333
Matteo Buccoliero,119758,333
Camilla Tombari,119766,333
Nicola Lucesoli,119801,333
Marina Colucci,119901,333
Laura Pusceddu,120240,333
Francesco Curatolo,120398,333
Raffaella De Pace,120733,333
Alice Caligaris,121109,333
Emanuele Musso,122113,333
Federico Santandrea,122236,333
Daniel Scevola,122281,333
Simone Ghisu,122309,333
Luca Pezzano,122755,333
Simone Saccani,122755,333
Luca Contardi,123139,333
Sara Lacchia,123198,333
Manuel Puccioni,123228,333
Giorgia Piazza,123550,333
Gianluca Alba,123697,333
Alessandro Tonelli,124088,333
Marco Senna,124253,333
Marco Bulletti,124378,333
Claudio Contardi,124700,333
Luca Bianchi,124976,333
Emanuele Pintus,125104,333
Alice Vigani,125591,333
Stefano Lo Vecchio,125706,333
Marco Malorgio,126041,333
Gioele Maria Gammino,126499,333
Alessandro Aloi,127047,333
Alessio Caligiuri,127086,333
Andrea Civico,127273,333
Gianbattista Lucarelli,127361,333
Simon Paris,127382,333
Alessandro Del Bianco,127921,333
Antonio Troiano,127950,333
Walter Tarantelli,128134,333
Giuliano Mazzone,128371,333
Valerio Del Bianco,128776,333
Daniele Guidoni,128966,333
Jessica Mercandino,129146,333
Laura Carla D'Urso,129247,333
Rebecca Giovennelli,129307,333
Ikor Pino,129351,333
Valeria Balini,129778,333
Jessica Arrigoni,129898,333
Davide Scognamiglio,130535,333
Daria Bilokon,130924,333
Martina Alba,131485,333
Andrea Garlisi,131640,333
Tommaso Magelli,131933,333
Alessandro Trapani,131985,333
Nicola Tanadini,131999,333
Marco Marangia,132966,333
Martina Buda,133291,333
Lucrezia Locatelli,133985,333
Alfredo Libertini,133995,333
Luigi Moretti,134018,333
Giovanni Volta,134214,333
Emanuele Brenna,134378,333
Flavio Badalato,134411,333
Marcello Menduni,134486,333
Lorenzo Santaroli,135721,333
Clara Spezzi,135804,333
Michela Montrasio,135984,333
Riccardo Rollone,136139,333
Pietro Caligiuri,136182,333
Nicola Principe,136447,333
Amel Silnović,137086,333
Vittorio Ostorero,137223,333
Carlo Vignotto,137290,333
Emanuela Panebianco,137564,333
Federico De Benedetto,137749,333
Philip Ciuca,138018,333
Arianna Greco,138694,333
Ferruccio Ghizzi,138883,333
Luigina Porco,138996,333
Lorenzo Simonetti,140171,333
Vera Cisbani,140302,333
Alessandro Turano,140366,333
Tito Cisbani,140472,333
Rebecca Marchizza,140489,333
Giordano Cardellini,140510,333
Emanuele Raciti,140688,333
Benedetta Bedini,140724,333
Marco Lazzarin,142929,333
Yuri Pegoraro,143425,333
Zeno Dall'Acqua,143824,333
Emanuela Villa,150000,Null
Marco Domenico Rivolta,150000,Null
Valerio Sepe,150000,Null
