name,country,pyram
Jasper Murray,New Zealand,1366
Tymon Kolasiński,Poland,1353
Junqi Feng (冯骏骐),China,1343
Yepeng Sun (孙叶芃),China,1315
Elyas Eyou,New Zealand,1306
Riley Dexter,Australia,1296
Magdalena Pabisz,Poland,1294
Jiazhou Li (李佳洲),China,1283
Huining Huang (黄徽宁),China,1269
Yilin Miao (苗宜琳),China,1267
Dominik Górny,Poland,1265
Joshua Hounslow,Australia,1260
Xuyang Chen (陈徐洋),China,1255
Diego Alfonso,France,1250
Dwyane Ramos,New Zealand,1250
Ashley Foster,New Zealand,1245
Robin Verstraten,Netherlands,1241
Jode Brewster,Australia,1238
Yunrui Peng (彭云瑞),China,1237
Jason Harley,United Kingdom,1236
Anton Kraev,Australia,1234
Rafał Waryszak,Poland,1231
Yinuo Zhao (赵伊诺),China,1231
Marquez Phan,Australia,1225
Fanyang Zeng (曾凡洋),China,1219
Valeriy Kurbatov,Russia,1217
Sora Sato,Australia,1217
Yibo Wang (王奕博),China,1216
Dash Cannon,Australia,1215
Yiyun Chen (陈毅昀),China,1215
Xingkai Yin (尹星凯),China,1212
Wesley Allen,Australia,1211
Chris Mills,United Kingdom,1208
Kai Roff,United Kingdom,1206
Mark Bennis,Netherlands,1205
Jonathan Charlesworth,Australia,1204
Davide Arnesano,Italy,1203
Benjamin Warry,Australia,1202
Zhida Li (李知达),China,1200
Dmitry Gundin,Russia,1196
Izan Cantero Herrera,Spain,1194
Marcus Kamen,USA,1194
Minghan Li (李明瀚),China,1193
Dawid Wójcik,Poland,1192
Boyuan Yang (杨博渊),China,1192
Michael Nielsen,USA,1188
Thomas Smith,Australia,1187
Kerry Creech,USA,1187
Daniël Kassab,Netherlands,1185
Feliks Zemdegs,Australia,1184
Lianghui Li (李亮辉),China,1182
Rasmus Stub Detlefsen,Denmark,1182
Alvaro Haidar Ersha,Indonesia,1182
Ethan Stevens,Australia,1181
Tripp Peters,USA,1179
Ilya Nazarov,Russia,1178
Elijah Brown,USA,1174
Nachuan Sun (孙纳川),China,1174
Pavel Mesyatsev,Russia,1173
Olivier van Luijk,Netherlands,1164
Alexander Vujcich,New Zealand,1162
Yi Wang (王旖),China,1162
Edward Burgess,United Kingdom,1161
Alexey Tsvetkov,Russia,1161
Bryan Frank,Indonesia,1160
Qiyu Zhang (张淇奥),China,1160
Charlie van Ooran,Australia,1159
Piotr Olszewski,Poland,1158
Aniket Das,India,1158
Harsha Paladugu,USA,1157
Yinghao Wang (王鹰豪),China,1155
David Pearce,Australia,1155
Simon Kellum,USA,1155
Callum Hales-Jepp,United Kingdom,1154
Jiate Xie (谢佳特),China,1153
Martin Vædele Egdal,Denmark,1152
Harry Savage,United Kingdom,1151
Nikhil Soares,India,1150
Tom Stanton-Barnett,New Zealand,1149
Xinyun Chen (陈新运),China,1149
Phoenix Patterson,Australia,1148
Alwin Rölz,Switzerland,1147
Daniël Veldman,Netherlands,1146
Toni Beljo,Croatia,1146
Yi-Ho Hsueh (薛以和),Taiwan,1145
Lianhao Zhu (褚连皓),China,1143
Myles Jarman,Australia,1143
Brayden Wroten,USA,1142
Carter Kucala,USA,1142
Ezra Shere,USA,1140
Fabio Schwandt,United Kingdom,1139
James Hocevar,Canada,1138
Andrey Che,Russia,1138
Xavier Smith,Australia,1136
Junlin Li (李俊霖),China,1134
Oliver Castledine,United Kingdom,1134
Lev Golub (Лев Голуб),Ukraine,1133
Wenrui Qian (钱文睿),China,1133
Oscar Roth Andersen,Denmark,1132
Samir Homsi,Turkey,1131
Antonie Paterakis,Greece,1129
Jakub Hibszer,Poland,1129
Vladimir Vasiliev (Владимир Васильев),Russia,1129
Ziran An (安子然),China,1128
Cameron Jones,United Kingdom,1127
Adrien Auvray Matyn,New Zealand,1127
Jiaming Zhang (张嘉铭),China,1126
Bryan Eng,Australia,1126
Dmitry Matthew Yaquinto,Russia,1125
Andres Rodriguez,USA,1124
He-Ping Zheng (鄭和平),Taiwan,1123
Ben Kirby,New Zealand,1122
Haibo Sui (隋海波),China,1122
Ryan Pilat,USA,1121
Yining Yao (姚祎宁),China,1120
Suhang Li (李苏航),China,1120
Daniel Goodman,USA,1120
Saransh Grover,India,1119
Alexander Bashutkin,Russia,1119
Nicholas Paul,Australia,1119
Aneurin Hunt,New Zealand,1119
David Epstein,Australia,1118
Max Siauw,USA,1118
Tyler Howlett,USA,1118
Mateusz Szwugier,Poland,1118
Jakub Grzybowski,Poland,1117
Matthew Cook,Australia,1117
Jayden McNeill,Australia,1117
Robert Alden,United Kingdom,1115
Mohammed Aiman Koli,India,1114
Daniel Vædele Egdal,Denmark,1113
Jonathan O'Neill,Australia,1113
Yichen Jiang (姜一辰),China,1112
Leeah Gard-Spaulding,Australia,1112
Elvin Thorsen,Sweden,1112
Dylan Cossin,USA,1112
Litao Hao (郝立涛),China,1111
Mattheo de Wit,Netherlands,1111
Nathan Nairn,Australia,1111
Kaiden Ziegler,New Zealand,1111
Ethan Erez,Canada,1111
Songtao Zhang (张松涛),China,1110
Lucas Déglise,France,1107
Joey Saia,USA,1107
Enhao Zhang (张恩浩),China,1106
Zhiyi Lin (林之逸),China,1105
Ho Hsieh (謝合),Taiwan,1105
Kui-En Chiu (邱奎恩),Taiwan,1104
Wong Kin Lok (黃健樂),Hong Kong,1103
Yunhan Yao (姚云瀚),China,1101
Sam Shaw,United Kingdom,1101
Iurii Chesnokov (Юрий Чесноков),Russia,1100
Linus Laurén,Finland,1100
Jinseo Hong,Korea,1100
Ataberk Şencan,Turkey,1099
Ray Zhang (张灏睿),Australia,1098
Baden Forster,Australia,1098
Jaivardhan Bhatia,Australia,1097
Andrew Tan Jing Bang,Singapore,1096
Oleksandr Savchenko (Олександр Савченко),Ukraine,1095
Ruben Fino,Australia,1095
Helmer Ewert,Sweden,1095
Steven Wintringham,USA,1094
Michał Krasowski,Poland,1093
Ahmet Çınar Ablak,Turkey,1093
Charlie Cannon,Australia,1093
Luke Garrett,USA,1092
Naman Jethani,India,1092
Grigoriy Barashkin,Russia,1092
Diego Fraile,France,1092
Lingkun Jiang (姜凌坤),China,1091
Roman Shilov (Роман Шилов),Russia,1091
Oleksandr Seniuk (Олександр Сенюк),Ukraine,1091
Jun Hu (胡骏),China,1090
Chris Van Der Brink,USA,1090
Zishuo Zhang (张子硕),China,1090
Willi Mickein,Germany,1090
Muhammad Razin Bin Roslan,Malaysia,1089
Przemysław Rogalski,Poland,1089
Andy Gong,Australia,1089
Zayd Chaudhry,Australia,1089
John Gaynor,USA,1088
Sebastian Outh-Aut,Australia,1088
Drew Brads,USA,1087
Edward Rust,Australia,1087
Christian Manuel de Lange,New Zealand,1087
Sameer Aggarwal,USA,1087
Aiden Bartlett,USA,1086
Yihao Zhao (赵羿皓),China,1086
Xinjie Shi (施鑫杰),China,1085
Ramses Amaya,Colombia,1085
Xulang Li (黎旭朗),China,1085
Daniel Fraser,New Zealand,1085
Leo Min-Bedford,Canada,1084
Cheng-Hsien Wu (吳政憲),Taiwan,1084
Piotr Tokarski,Poland,1083
John Bacouël,France,1083
Kevin Gerhardt,Germany,1082
Yichen Sun (孙艺晨),China,1082
Jinxin Li (李金鑫),China,1082
Can Ersoy,Turkey,1082
Timothy Castle,USA,1082
Linus Kunath,Germany,1082
Adam Marcellus Kelly,USA,1081
Stian Nystad Østli,Norway,1081
Liam Highducheck,Australia,1081
Zachary Ochs,USA,1081
Aston Culf,Australia,1081
Shrijan Pal,India,1081
Danil Kotenkov (Данил Котенков),Russia,1081
Joash Little,Australia,1080
Vincent Hartanto Utomo,Indonesia,1080
Leonid Shcherbakov (Леонид Щербаков),Russia,1079
Jacob Chambers,United Kingdom,1079
Aleksander Arefiew,Poland,1079
Yuze Gu (顾雨泽),China,1079
Alejandro Isaza,Colombia,1079
Matvei Tianutov (Матвей Тянутов),Russia,1079
Aleksandr Beznogov,Russia,1078
Siddharth Manchkanti,USA,1078
Tieske Heemskerk,Netherlands,1077
Zac Graham,Australia,1077
Trần Đăng Quang,Vietnam,1076
Tobias Peter,Switzerland,1076
Lorenzo Mauro,Italy,1076
Ryan Wu,Canada,1076
Antoine Cantin,Canada,1076
Ethan Pride,Australia,1076
Gijs Peletier,Netherlands,1075
Linus Buck,Germany,1074
Yiyang Chen (陈熠扬),China,1074
Luke Van Laningham,USA,1074
Jack Cai,Australia,1074
Adam Jagła,Poland,1073
Joe Labas,Australia,1072
AJ Kamal,USA,1072
Maciej Jabłoński,Poland,1072
Akın Köse,Turkey,1072
Yuxuan Huang (黄宇轩),China,1072
Dominic Heising,USA,1071
Daniel Sheppard,United Kingdom,1071
Łukasz Burliga,Poland,1071
Richard Yiheng Tao,New Zealand,1070
Alan Siburian,Australia,1070
Muhammad Dipa Budiono,Indonesia,1070
Zhe Wang (汪哲),China,1070
Yichen Ma (马奕宸),China,1070
Max Walaszek,USA,1069
Tyler Johnson,USA,1069
Danylo Harbar (Данило Гарбар),Ukraine,1069
Joe Davis,Australia,1069
Ziyu Wu (吴子钰),China,1068
Sarina Wang,New Zealand,1068
Aaron Paskow,USA,1068
Ekaterina Kaneva,Russia,1067
Christian König,Germany,1067
Myles Segal,Australia,1067
Max Bradley-McFawn,Australia,1066
Ilya Beylin (Илья Бейлин),Russia,1066
Jiyi Wang (王吉怡),China,1066
Yuxuan Wu (吴雨轩),China,1066
Andrés Rodríguez Galán,Spain,1065
Jakob Gunnarsson,Sweden,1065
Benjamin Gottschalk,USA,1064
Ilya Sokolov,Russia,1064
Aayush Shah,India,1063
Jules Desjardin,France,1063
Jan van Dorst,Netherlands,1063
Yifan Wang (王逸帆),China,1063
Jack Stewart,USA,1063
Marcus Siu,United Kingdom,1063
Nguyễn Khang Minh,Vietnam,1062
Chan Hui Tung (陳許瞳),Hong Kong,1062
Shao-Heng Hung (洪紹恆),Taiwan,1062
Lincheng Cai (蔡林成),China,1062
Magnus Søndergaard Byrne,Denmark,1062
Ben Stokes,United Kingdom,1061
Tyler Williams,Australia,1061
Taj Greenough,Australia,1060
Dominic Lumsden,United Kingdom,1060
Shang Liu (刘尚),China,1060
Orkun Efe Dahar,Turkey,1060
Markuss Pietkuns,Latvia,1059
Dylan Chan,USA,1059
Mykhailo Akhunov (Михайло Ахунов),Ukraine,1059
Tobiasz Urbanowicz,Poland,1058
Alevio Hamizan Ersha,Indonesia,1058
Anatole Volongo,France,1058
Krish Shah-Nathwani,USA,1058
Liam Wadek,New Zealand,1058
Taine Cassar,Australia,1058
Henri Gerber,Germany,1058
Alex Hirschhorn,Australia,1058
Zayn Khanani,USA,1057
Valerio Locatelli,Italy,1057
River Fletcher,Australia,1057
Maxim Brednev (Максим Бреднев),Russia,1057
Mengni Yan (颜梦妮),China,1057
Patrick Kleverlaan,Australia,1057
Cristóbal Opazo Bravo,Chile,1057
Donna Cook,Australia,1057
Yang Liu (刘洋),China,1056
Zhuoyang Li (李卓阳),China,1056
Simon Nilsson,Sweden,1056
Michael Alexander,Australia,1055
Aidan Cerenzie,USA,1055
Peter Hibl,USA,1055
Jacob Eoin Gipp,Canada,1055
Benjamin Walker,Australia,1055
Li-Zhi Findhammer,Netherlands,1055
Sam Sieracki,Australia,1055
Henry Lichner,USA,1055
Tucker Chamberlain,USA,1054
Oscar Watson,Australia,1054
Levi Eyou,New Zealand,1054
Kyle Polage,USA,1054
Timo Norrkniivilä,Finland,1054
Maheran Chowdhury,Australia,1054
Muhammad Faeyza Koda,Indonesia,1053
Chenhao Ma (马晨皓),China,1053
Kyson Lovery,Australia,1053
Qinxi Wei (韦钦曦),China,1053
Mingxuan Wu (吴明轩),China,1053
Oliver Leigh,Australia,1053
Illia Honcharuk (Ілля Гончарук),Ukraine,1052
Chengyang Du (杜成洋),China,1052
Joel Cetra,Germany,1052
Kevin Min,Korea,1052
Michał Mlostek,Poland,1052
Justin Chang,China,1051
Naren Ramesh,India,1051
Sicheng Gu (顾思成),China,1051
Jieying Feng (冯洁莹),China,1051
Liam Pipia,Australia,1051
Cameron Miller,USA,1051
Jie Wang (王杰),China,1051
Samuel Tie,Australia,1051
Remo Pihel,Estonia,1051
Daxton Westlake,USA,1050
Shuaihao Chen (陈帅豪),China,1050
Kabir Johal,Canada,1050
Gert-Jan Broere,Netherlands,1050
Benjamin Lilleøen Bakken,Norway,1050
Yulun Wu (吴宇伦),China,1049
Thomas Schmidt,Denmark,1049
Muhammed Pusat Özçelik,Turkey,1049
Xavier Evans,New Zealand,1049
Lennon Hughes,Australia,1049
Isaac Latta,New Zealand,1048
Jacob Kotai,Canada,1048
Tommy Cherry,USA,1048
Caleb Kinman,USA,1047
Rustin Haderlie,USA,1047
Yizhou Wang (王翼洲),China,1047
Fabian Andrey Montenegro Barrero,Colombia,1047
Kaiyang Gao (高凯阳),China,1047
Veenayak Bhola,India,1047
Amiel Engel,Netherlands,1046
Federico Da Fonseca,Argentina,1046
Shangtong Fu (傅上桐),China,1046
John Hornacek,USA,1046
Jessica Ying,Canada,1046
Nicholas Patterson,Canada,1046
Suen Ming Chi (孫銘志),Hong Kong,1046
Eli Jay,United Kingdom,1045
Chia-Liang Tai (戴嘉良),Taiwan,1045
Purab Shah,India,1045
Alex Maass,USA,1044
Zhaoen Wu (吴兆恩),China,1044
Adam Narbutas Jørgensen,Denmark,1044
Ziqi Ding,China,1043
Alexander Shipulin,Russia,1042
Qibei Li (李骐贝),China,1042
Ilya Parchuck,Russia,1042
Zhaohe Wang (王昭赫),China,1042
Jensen Belen-Brown,Canada,1042
Yuchen Wang (王雨辰),China,1041
Zekang Xia (夏泽康),China,1041
Luc Rabeyrin,France,1041
Luka Stošić,Serbia,1041
Marcos Gabriel Gomes,Australia,1041
Sebastiano Benato,Uruguay,1041
Josephine Siburian,Australia,1040
Snehashish Chakravarti,India,1039
Martin Fronescu,Romania,1039
Camerone Chin,New Zealand,1039
Lachlan Stephens,Australia,1039
Kyeongmin Choi,Korea,1039
Marco Giordano,Italy,1039
Joshua Broderick Phillips,USA,1039
Jeremy Foott,Australia,1039
Tongming Shi (石童鸣),China,1039
Connor Sherrin,Australia,1039
Cheng-Ying Lee (李承穎),Taiwan,1038
Jack Pfeifer,USA,1038
Liam Heimann,Australia,1038
Hongyuan Fu (傅泓源),China,1038
Tianyu Sun (孙天宇),China,1038
Yusuf Güzeler,Turkey,1037
Gana Visank Ventrapragada,USA,1037
Juan David Carmona Vásquez,Colombia,1037
Eli Panetta,Australia,1037
Luke Heath-Edwards,New Zealand,1036
Ivo Stoutjesdijk,Netherlands,1036
Prerak Gada,India,1036
Lev Bruskov (Лев Брусков),Russia,1036
Toby Coote,Australia,1036
Livia Kleiner,USA,1036
Hisashi Imai,Japan,1036
Eve Carroll,Australia,1035
Jinyu Zhang (张锦誉),China,1035
Tom Noble,Australia,1035
Ben Wakelin,Australia,1035
Samuel Fang,USA,1034
Logan Day-Richter,USA,1034
Siyuan Liu (刘思源),China,1034
Jackson Abbott,Australia,1033
Shengyuan Ye (叶梓熠),China,1033
Jan Bentlage,Germany,1033
Ruihang Xu (许瑞航),China,1033
Kelian Zhang,Netherlands,1033
Brian Nguyen,Australia,1033
Dmitry Kudryashov (Дмитрий Кудряшов),Russia,1033
Hongrun Li (李虹润),China,1032
Roman Ponikarovskiy,Russia,1032
Aaron Spiller,Australia,1032
Oliver Drew,Australia,1031
Guanbo Wang (王冠博),China,1031
Yaxing Wang (王亚兴),China,1031
Ian Holmes,Netherlands,1031
Piyush Kothari,India,1030
Jason Ostdiek,USA,1030
Tan Yong Jie,Malaysia,1030
Lucas Vojkovic,Australia,1030
Yue Gao (高越),China,1030
Zhenyu Wang (王振宇),China,1030
Yun-Rong Chiang (江昀容),Taiwan,1029
Yuetong Zhu (朱玥曈),China,1029
Conor Sullivan,Australia,1029
Dylan Johnston,Australia,1029
Garrett Molinari,USA,1029
Timur Imanov,Russia,1028
Zihang Wang (王子杭),China,1028
Sebastian Bock,Australia,1028
Emmanuel Rajapandian,India,1028
Oskar Dinnendahl,Australia,1028
Hector David Martinez Argaez,Colombia,1027
Zheng Chen (陈政),China,1027
Alex Burns,United Kingdom,1027
Jin-Han Guo (郭景翰),Taiwan,1027
Nate Mochrie,New Zealand,1027
Nikita Burmistrov (Никита Бурмистров),Russia,1027
Mateusz Gil,Poland,1027
Miller Atkinson,Australia,1027
Weikang Zheng (郑炜康),China,1026
Szymon Brzana,Poland,1026
Rhys Rogan,Australia,1026
Robert Yau,United Kingdom,1026
Leo Millar,Australia,1026
Stanley Chapel,USA,1026
Stefano Coulter,Canada,1026
Jinlin Jiang (江锦林),China,1026
Mustafa Demir Soytürk,Turkey,1025
Tobiasz Rychlik,Poland,1025
Nicolas Gertner,France,1025
Giovanni Centili,Italy,1025
Timo Günthardt,Switzerland,1025
William Barlow,New Zealand,1024
Dong Xia (夏东),China,1024
Jeann Valdez,Australia,1024
Nicolás Irenco Peña Henríquez,Chile,1024
Jack Samuel Masciulli,Australia,1024
Thomas Sonnenberg Jarner,Denmark,1024
Benjamin Shurmer,Australia,1024
Finn van der Maas,Netherlands,1024
Kajetan Opach,Poland,1024
Samuel Low,USA,1024
Tom Richards,Australia,1023
Alessandro Nicolì,Italy,1023
Zack Hall,Australia,1023
En-Tzu Lin (林恩慈),Taiwan,1023
Tyler Robinson,USA,1023
Yutong Liu (刘昱彤),China,1023
Mitchell Hum,USA,1023
Héctor Haro Guerrero,Spain,1023
Ryan Bernardo,USA,1023
Kanting Shi (史勘霆),China,1023
Richard Madden,Ireland,1023
Ziyue Wu (吴子玥),China,1022
Angus Henkel,Australia,1022
Vladyslav Hryniuk (Владислав Гринюк),Ukraine,1022
Cedric Meysing,Germany,1022
James MacDonald,Australia,1021
Anton Uskov (Антон Усков),Russia,1021
Jami Viljanen,Finland,1021
Yinhao Ding,Australia,1021
Olivera Radovanović,Serbia,1021
Wanling He (何婉灵),China,1021
Manuel Prieto de Antón,Spain,1021
Mikołaj Zubowicz,Poland,1021
Zhaohong Huang (黄兆鸿),China,1021
Sam Ellis,Australia,1021
Mattias Uvesten,Sweden,1021
Kai Ma (马开),China,1021
Alex Van Vugt,Australia,1021
Hao Do,Australia,1021
Ethan Basanov,Canada,1020
Renchinnorov Burenzevseg (Бүрэнзэвсэг Ренчинноров),Mongolia,1020
Evgeniy Mazhara,Russia,1020
Paul Mahvi,USA,1020
Freddy Brighton,New Zealand,1019
Daniel Porter,USA,1019
Dmitry Kryuzban,Russia,1019
Yihui Han (韩译慧),China,1019
Tomáš Nguyen,Vietnam,1019
Yunke Zhang (张云柯),China,1018
Joey Cavanagh,Australia,1018
Matthew Sieredzinski,Australia,1018
Kyle Meade,USA,1018
Marco Manno,Italy,1018
Semen Artyukhov,Russia,1018
Hudson Moore,USA,1018
Aaryn Chieng,Australia,1017
Justin Barker,USA,1017
Tianle Cai (蔡天乐),China,1017
Vitor Jose Shen (沈偉棟),Macau,1017
Đào Bách Nguyên,Vietnam,1016
Xujia Lei (雷旭嘉),China,1016
Cheng-Ru Yang,New Zealand,1016
Mateusz Kotwica,Poland,1016
Charlie Eggins,Australia,1016
Cormac Farrell,United Kingdom,1016
Noah Aaron Pearson,Australia,1016
Noah Paredes,USA,1015
Fedor Tarasov,Russia,1015
Leonard Wetzel,Germany,1015
Flynn Otto,Australia,1015
Arnau Tous Mateu,Spain,1014
Mannessah Kani,Australia,1013
Aadarsh Madhavan,India,1013
Jack Amarbat,New Zealand,1013
Nikita Malykhin (Никита Малыхин),Russia,1013
Bartłomiej Owczarek,Poland,1013
Zee Capangpangan,Philippines,1013
Serdar Özdemir,Turkey,1012
Varun Mohanraj,USA,1012
Maksim Demchenko (Максим Демченко),Russia,1012
Artyom Shevchenko (Артём Шевченко),Russia,1012
Łukasz Dubicki,Poland,1012
Boris Monakhov,Russia,1012
Isaac Dalton,Australia,1012
Dominic Amrhein,Germany,1012
Andrey Mozgovoy (Андрей Мозговой),Russia,1012
Liam Uno Timour-Silveira,Norway,1012
Kymberlyn Calderon,USA,1011
Astrid Lacotte,France,1011
Rick Hamburger,Netherlands,1011
Samuel Simko,Slovakia,1011
Levi Benjamin Matara-Ng,Australia,1011
Cheng-Han Chu (朱政翰),Taiwan,1011
Ziming Guo (郭子鸣),China,1011
Scott Weston,USA,1011
Jack Bellomy,USA,1011
Mihnea Andrei Panţu,Romania,1011
Pavlo Bondar (Павло Бондар),Ukraine,1011
Aquila Janoschka,Australia,1011
Thomas Curnow,Australia,1011
Lam Yu Ching (林雨晴),Hong Kong,1011
Hsiu-Lin Chuang (莊修霖),Taiwan,1010
Rory Bailey,New Zealand,1010
Witold Sołtysik,Poland,1010
Louis Cormier,Canada,1010
Akhil Kota,India,1010
Angela Braganza,New Zealand,1010
Vishal Mohanraju,India,1010
Krystian Załuski,Poland,1009
Guangtao Zhang (张广韬),China,1009
Harry Loiterton,Australia,1009
Sophia Mykhaylyk,Australia,1009
Jonas Fong,Australia,1009
Arseniy Dyachenko,Russia,1009
Mikhail Kalashnikov (Михаил Калашников),Russia,1008
Luke Burong,Australia,1008
Marcus Moberg,Sweden,1008
Joshua Feran,USA,1008
Ezra Kiripatea,New Zealand,1008
Zhenrun Song (宋贞润),China,1008
Amelia Krieg,USA,1007
Frederik Løchte,Denmark,1007
Sarah Fluck,United Kingdom,1007
Tyler Dipper,New Zealand,1007
Zach Amiridis,Australia,1007
Aleksey Zuev,Russia,1007
Jose Polorhenzo Aquino,Philippines,1006
Mikołaj Tyra,Poland,1006
Cai Zhang (张材),China,1006
Zihan Zhang (张子涵),China,1006
Ksenia Esipova (Ксения Есипова),Russia,1006
Jiaxuan Liu (刘佳璇),China,1006
Zhiyuan Ma (马之元),China,1006
Zaky Kurnia Falah,Indonesia,1005
Graham Siggins,USA,1005
Joel Harrop,Australia,1005
Francesco Odorizzi,Italy,1005
Ryan Yasinko,Canada,1005
Lorenzo Gentili,Italy,1005
Nathaniel Thornell,USA,1005
Csaba Farkas,Hungary,1004
Vojtěch Kundera,Czech Republic,1004
Krishang Agarwal,India,1004
Bill Hammill,United Kingdom,1004
Vladimir Semidyanov,Russia,1004
Stepan Anisimov (Степан Анисимов),Russia,1004
Vyacheslav Kochergin (Вячеслав Кочергин),Russia,1004
Nikolay Nikitin (Николай Никитин),Russia,1004
Fedor Khokhryakov,Russia,1003
Walker Welch,USA,1003
Dilan Anand,Australia,1003
José Antonio Rozas-Peña Gaete,Chile,1003
Manuel Gutman,Argentina,1003
Andrey Mishin,Russia,1003
Austin Chen,USA,1003
Joel David Hibbert,Australia,1003
Mateusz Szulik,Poland,1003
Grzegorz Chudzik,Poland,1003
Ivan Terekh,Belarus,1003
Adam Kędziorski,Poland,1002
Weiyi Zhang (张维一),China,1002
Yezhen Han (韩业臻),China,1002
Louis Skipper,New Zealand,1002
Dylan Beetge,Australia,1002
Robert Horvath,USA,1002
Davron Takhirov,Uzbekistan,1002
Evan Beltsis,Australia,1002
Luis Angel Contreras Ospina,Colombia,1002
Đoàn Anh Dũng,Vietnam,1002
Zicheng He (贺子程),China,1002
Kristen Young,USA,1002
Vladislav Kozhin,Russia,1001
Dominik Fürer,Switzerland,1001
Yanchen Zhu (朱彦臣),China,1001
Jeremy Sheng,USA,1001
Ethan Hickman,Australia,1001
Hargun Singh Tikku,India,1001
Erik Akkersdijk,Netherlands,1001
Kangze Wang (王康泽),China,1001
Xuanwei Liang (梁轩玮),China,1001
Arham Islam,Australia,1001
Aaron Huynh,USA,1000
Jiajun Gao (高嘉骏),China,1000
Kaidyn Vince De Luca-Mazza,Australia,1000
Rūdolfs Vīnkalns,Latvia,1000
Caleb Langan,Australia,1000
AJ Le,USA,1000
Grigorii Kuptsov (Григорий Купцов),Russia,1000
Yoo-chan Hong (홍유찬),Korea,999
Jaxson Stove,New Zealand,999
Zexu Han (韩泽栩),China,999
Daniel Eric Ryan,Australia,999
Yibo Wang (王一博),China,999
Gerard McGinley,Australia,999
Tommy Kiprillis,Australia,999
Elian Beguec,France,999
Mihail Stoicescu,Romania,998
Asher Kim-Magierek,USA,998
Shuo Zhao (赵硕),China,998
Jan Zych,Poland,998
Zaiyang Zhang (张在旸),China,998
Ahmet Nadir Yücekaya,Turkey,998
Fletcher Johns,New Zealand,997
Shubham Maharana,India,997
Ritvik Sharma,India,997
Alina Palinchuk (Аліна Палінчук),Ukraine,997
Pavel Eroshkin (Павел Ерошкин),Russia,997
Justin He,Australia,997
Mitchell Lane,USA,997
Samuel Curnow,Australia,997
Yonghao Xu (徐永浩),China,997
Amarsanaa Enkhbaatar,Mongolia,997
Yelysei Hovorun (Єлисей Говорун),Ukraine,996
Daniil Rublev (Даниил Рублёв),Russia,996
Luc Rehfeld,Germany,996
Rostislav Votinsev,Russia,996
Edgar Galstyan,Russia,996
Nicholas Eppingstall,Australia,996
Renato Pardo,Chile,996
Andrey Kolevatykh (Андрей Колеватых),Russia,996
Li Chak Kwan (李澤堃),Hong Kong,996
Xinan He (何栖楠),China,995
Eli Hickman,Australia,995
Joaquin Abarca,Canada,995
Charles Downie,Australia,995
Zicong Weng (翁子聪),China,995
Joshua Weigt,USA,995
Nikita Sviridov (Никита Свиридов),Russia,994
Ciarán Beahan,Ireland,994
Hayden Kosadi,USA,994
Henry Asker,United Kingdom,994
Nguyễn Duy Sơn,Vietnam,994
Michael Bratko,Russia,993
Nikolay Vasilyev,Russia,993
Dylan Hughlett,USA,993
Gaojian Pan (潘高健),China,993
Milhouse Gibbons-Paul,United Kingdom,993
Nolan Wood,USA,993
Cesar Leandro Alvarado,Argentina,993
Jiahui Wang (王佳辉),China,993
Polina Konopleva (Полина Коноплева),Russia,993
Cyprian Doza,Poland,992
Ben Baron,Israel,992
Ainesh Sevellaraja,Malaysia,992
Lei He (贺雷),China,992
Kasper Pasanen,Finland,992
Kevin,Indonesia,992
Yongchang Wang (王永昌),China,992
Azizah Nur Hayati,Indonesia,991
Dylan Baumbach,USA,991
Vladimir Sergeev,Russia,991
Callum Prowse,New Zealand,991
Maarten Schuil,Netherlands,991
Ng Jia Quan (黄佳铨),Malaysia,991
Egor Gushchin,Russia,991
Arseniy Yotsyus,Russia,991
Pavel Galaktionov,Russia,991
Davelno Danish Raziq,Indonesia,990
Darya Belonogova,Russia,990
Cade Beck,USA,990
Owen Brooks,USA,990
Yujun Li (李钰钧),China,990
Saveliy Surikov,Russia,989
Qian Wang (王乾),China,989
Max Alidenes,Australia,989
Zhengwen Zhong (钟政文),China,989
Shek Ho Hin (石灝軒),Hong Kong,989
Malte Oliver Bøgh Kjøller,Denmark,989
Theo Iván Goluboff,Argentina,989
Zian Song (宋子安),China,989
Boxi Chen (陈博希),China,989
Lachlan Malcolm,Australia,988
Minn Aung,Australia,988
Gjorgji Cheshmedjievski,North Macedonia,988
Nikolai Gomelchuk,Russia,988
Matteo Dummar,Italy,988
Zejin Liu (刘泽锦),China,988
Gellért Menyhárt,Hungary,987
Adarsh Natarajan,Australia,987
Magne Njå,Norway,987
Seungho Song (송승호),Korea,987
Noah Wilde,Canada,987
Shivam Bansal,India,986
Alyssa Bernardo,USA,986
Yuxuan Zheng (郑豫轩),China,986
Alexander Botz,Germany,986
Xiaoxiao Wang (王晓晓),China,986
Eshiel Narayanan,Australia,986
Rohan Singh,Malaysia,986
Heidi Chan,USA,986
Vaibhav-Jai Ravipati,Australia,986
Nguyễn Ngọc Thịnh,Vietnam,986
Sebastián Pulgarín Manrique,Colombia,986
Bowen Wan (万博文),China,986
Billy O'Loan,Australia,985
Maximus Ferrier,Australia,985
Akshaansh Chilakapati,India,985
Carol Chai,New Zealand,985
Nikita Galchenko (Никита Гальченко),Russia,985
Adam Chodyniecki,Poland,985
Sukant Koul,India,985
Andres Arias Medina,Colombia,985
Saavar Bajaj,Australia,985
Pedro Giuseppe Garcia Milla,Peru,985
Quinlan Mayo,USA,985
Vlad Bayazitov (Влад Баязитов),Russia,985
Amina Chebochakova (Амина Чебочакова),Russia,985
Vlad Vershinin (Влад Вершинин),Russia,984
Raúl Cuevas Castillo,Spain,984
Yubo Ji (纪宇博),China,984
Matias Israel Roa Lavin,Chile,984
William Herring,Australia,984
Abigail Claire Duffin,Australia,984
Karol Zakrzewski,Poland,984
Mykhailo Lagoida (Михайло Лагойда),Ukraine,984
Jack Carter,Australia,983
Bogdan Dovbysh,Belarus,983
Amy Eguchi-Fergusson,Australia,983
Patrick Ruelas Zacarias,USA,983
Han Chu (储菡),China,983
Nil Gürbüz,Turkey,983
Dakshin Vinod,India,983
Jolina Chen,Australia,983
Hamish van Drunen,Australia,983
Parth Sachin Surelia,India,982
Jaxon Foster,Australia,982
Anthony Lafourcade,France,982
Chenghang Liu (刘成航),China,982
Egor Varvarichev (Егор Варваричев),Russia,982
Henry Savich,USA,982
Haoqian Huang (黄皓谦),China,982
Siheng Chen (陈思衡),China,982
William Jarvis,Australia,981
Tom Salmon,United Kingdom,981
Sheng Cao (曹晟),China,981
Tiger Yuanhua Xiang (向源华),Canada,981
Jonathan Brugge,Netherlands,981
Mantra Shukla,New Zealand,981
Chengyu Ye (叶成宇),China,981
Wyatt Idell,USA,980
Caleb Tekwie,Papua New Guinea,980
William Klauer,USA,980
Zhengzhe Jiang (江政哲),China,980
Levi Oud,Netherlands,979
Costea Livadari,Moldova,979
Axel Bazán,Argentina,979
Brian Johnson,USA,979
Shangfeng Li (李尚峰),China,979
Yunqi Liu (刘云起),China,979
Jake Brown,United Kingdom,979
Ernest Seroczyński,Poland,979
Noam Raich,USA,979
Jash Tejas Shah,India,979
Ajitpal Singh Rupal,Australia,979
Tang-Lin Chuang (莊棠麟),Taiwan,979
Cezary Mach,Poland,979
Ryan Driscoll,Australia,979
Elliot Tay,Australia,979
Daniel Gutierrez,USA,979
Xinyan Liu (刘心妍),China,979
Han Huang (黄涵),China,979
Ethan Druery,Australia,978
Sumiran Maiskar,India,978
Bekzhan Zhomartuly (Бекжан Жомартулы),Kazakhstan,978
Konstantinos Parissis,Greece,978
Andreas Gröbmayr,Germany,978
Olaf Kuźmiński,Poland,978
Roman Dushkin (Роман Душкин),Russia,978
Benjamin Grzesiak,United Kingdom,978
Ting-Ching Lin (林庭慶),Taiwan,977
Conan Mo,Australia,977
Bartłomiej Krokos,Poland,977
Tobias Devereux,New Zealand,977
Lim Chun Yik,Malaysia,977
Alexander Terekhov,Russia,977
Zachary Miller,USA,977
Roan Paone,Canada,977
Maksim Makhmutov,Russia,977
Liangyu Cai (蔡良语),China,977
Bob Chengyi Xiao,Australia,976
Xi Deng (邓熙),China,976
Esneider Giraldo Restrepo,Colombia,976
Guido Dipietro,Argentina,976
You Wu (吴悠),China,976
Jaidyn Johnston,Australia,976
Szabolcs Szántai,Hungary,976
Jack Frank Ecclestone,Australia,976
Dohyun Kim (김도현),Korea,976
Andrew Davidge,Australia,976
Jiale Xu (徐嘉乐),China,976
Viswath Kumaraa Kesavaraj,India,976
Nikolay Golovenko,Russia,975
Sophia Schmoll,Germany,975
Jose Miguel Rillera,Canada,975
Alex Walker,USA,974
Luke Deane-Freeman,New Zealand,974
Abner Brijesh,USA,974
Zhiwu Jiang (姜智午),China,974
Raymond Castillo,USA,974
Seth Ferry,Australia,973
Flavio Rimi,Italy,973
Aritro Sengupta,India,973
Tianhao Mo (莫天皓),China,973
Matthew Siegel,Thailand,973
Callum McArthur-Mortell,Finland,973
Cooper Forshaw,Australia,973
Jinpeng Jia (贾锦鹏),China,973
Alexander Frolov,Russia,973
Vladimir Fedorov,Russia,972
William Jensen,Sweden,972
Sean Hartman,USA,972
Nicolas Køster Christensen,Denmark,972
Lee Stanton-Barnett,New Zealand,972
Aaron Mills,Australia,972
Matthew Nguyen,USA,972
Qiyu Zhang (张淇隩),China,972
Đặng Trần Diễn,Vietnam,972
Vicenzo Guerino Cecchini,Brazil,972
Ivan Polkanov (Иван Полканов),Russia,972
Vladyslav Hordiienko (Владислав Гордієнко),Ukraine,972
Junyu Yi (易俊羽),China,971
Ahnaf Uddin Rafid,Bangladesh,971
James Dyer,New Zealand,971
Mateusz Laskus,Poland,971
Ricky Zhang,Australia,971
Loic Chiang,Singapore,971
Jan Riedl,Czech Republic,971
Hannah Minas,Switzerland,971
James Nguyen,Australia,971
Paxton Bennison,Australia,971
Orgil Otgonbayar (Отгонбаяр Оргил),Mongolia,971
Ming Dao Ting,Australia,971
Jonathan Tilahun,USA,970
Yuzhe Wang (王语哲),China,970
Terence Wang,Australia,970
Ramil Khasanov,Russia,970
Michael Young,USA,970
Maksim Larionov,Russia,970
Gabriel Rejdych,Poland,969
Luca Brasini,Italy,969
Joshua Chau,Australia,969
Mark Khudyakov (Марк Худяков),Russia,969
Ashton Lucas True,New Zealand,969
Aayush Sriram Bharadwaj,United Kingdom,969
Sirun Wu (吴思润),China,969
Dmitriy Kukuev,Russia,969
Emilio Matanguihan,Australia,969
Cyprian Kalbarczyk,Poland,969
Yunliang Zhang (张赟量),China,969
Tianyue Cai (蔡天悦),China,969
Vincent Chen,USA,969
Ofek Egozi,Israel,969
Ben Uren,New Zealand,969
Matvey Burkov (Матвей Бурков),Russia,969
Alexander Hubbard,Australia,969
Leon Marcell Alamanda,Indonesia,968
Ahmet Barış Atlı,Turkey,968
Darcy Way,Australia,968
Midas Kiebert,Netherlands,968
Jaden Bills,USA,968
Michael Eleftheriades,Cyprus,968
Gabriele Cappelletti,Italy,968
Jose Ortiz Jr.,USA,968
Niclas Mach,Germany,968
Till Maas,Germany,968
Chun-Yu Yang (楊竣宇),Taiwan,967
Adam Nizamani,Canada,967
Zeke Mackay,USA,967
Mishka Kiessling,Australia,967
Griffin Fogarty,Australia,967
Yanzhe Yu (于砚喆),China,967
Diego Arche Andradas,Spain,967
Jiajie Ou (区嘉杰),China,967
Andrew Poon,Canada,966
Roberts Dreijers,Latvia,966
Dominik Beese,Germany,966
Fabrizio Rocco,Argentina,966
Denis Kulakov (Денис Кулаков),Russia,965
Marianna Bondi,Italy,965
Boheng Zuo (左泊恒),China,965
Sorin Turculeț,Romania,965
Pierce Boon,Australia,965
Ang Chin Zhen (洪靖程),Malaysia,965
Sheldon Rego,India,965
Michael Larsen,USA,965
DongSu Park (박동수),Korea,965
Michał Woźniak,Poland,965
Corren Ingersole,Australia,965
Daniel Mullen,USA,965
Naglis Peciulis,Lithuania,964
Mitchell Cretan,Australia,964
Caleb Hall,New Zealand,964
Mohamed Bilal,India,964
Kenneth Tran,Norway,964
Mark Ostrom,United Kingdom,964
Vladislav Andreichik (Владислав Андрейчик),Kazakhstan,964
Witold Brzeziński,Poland,964
Maxim Ilin,Russia,963
Aden Malone,USA,963
Eric Pesci,USA,963
Jordan Nguyen,USA,963
Pengji Li (李棚吉),China,963
Edwin Shen,New Zealand,963
Kyyarkhan Nikolaev,Russia,963
Ilya Zelkin,Russia,963
Felipe Medel,Chile,963
Daniel Rose-Levine,USA,963
Dmitrii Galimov (Дмитрий Галимов),Russia,963
David Arzamastsev,Russia,962
Dev Agarwal,India,962
Wes Giofches,Australia,962
Aarnav Katru,Australia,962
Diego Moy,Canada,962
Artem Shuvalov (Артём Шувалов),Russia,962
Rafael Samwell,Indonesia,962
Junyu Liu (刘俊宇),China,962
Zane Devonshire,New Zealand,962
Qizhe Ma (马启哲),China,962
Dmitriy Sargsyan (Дмитрий Саргсян),Russia,962
Olesya Sadikova,Russia,962
Aleksandra Lukianova (Александра Лукьянова),Russia,961
Baxter Cochran,Australia,961
Arinze Owoh,Nigeria,961
Karina Grandjean Beck,Denmark,961
Oliver Nguyen,Australia,961
Dawid Jasiński,Poland,961
Etta Jaswanth Akhil,India,960
Nikita Slavinski,Estonia,960
Jia Yu (于嘉),China,960
Matthew Flay,Australia,960
Mingyu Liu (刘铭宇),China,960
Vincentiu Tarsoaga,Romania,960
Jasper Lee Marbella,Philippines,960
