name,country,333mbf
Adrian Dębski,Poland,1141
Daniel Wallin,Sweden,1112
Krzysztof Bober,Poland,1103
Michał Bogdan,Poland,1064
Radomił Baran,Poland,1029
Martin Vædele Egdal,Denmark,1022
Michael Tripodi,Australia,1020
Berta García Parra,Spain,990
Xin Shi (石欣),China,972
Zhe Wang (王哲),China,967
Graham Siggins,USA,960
Kamil Przybylski,Poland,956
Daniel Anker Hermansen,Denmark,949
Xinjie Shi (施鑫杰),China,947
Swami Srinivasan,Australia,946
Wojciech Rogoziński,Poland,944
Haijun Tan (谭海俊),China,938
Bertie Longden,United Kingdom,937
Sebastian Outh-Aut,Australia,932
Jens Grieme,Germany,927
Tomasz Cepil,Poland,914
Igor Aipkin,Uzbekistan,912
Wenjun Huo (霍文俊),China,908
Michał Wroński,Poland,905
Jakob Gunnarsson,Sweden,904
Stanley Chapel,USA,903
Chenhao Sun (孙晨皓),China,902
Timothy Loh,Australia,902
Eric Zahid López Parra,Mexico,894
Yuri Olivan Barbosa de Oliveira,Brazil,892
Syed Zain Ali Behzaad,India,891
Nikita Ovsyannikov (Никита Овсянников),Russia,891
Tom Nelson,New Zealand,888
Arkadiusz Żynel,Poland,887
Kevin Matthews,Canada,887
Ben Stokes,United Kingdom,885
Tong Zhu (朱彤),China,883
Harry Savage,United Kingdom,881
Mohammed Aiman Koli,India,878
Justin Nicholas Tan,USA,877
Jack Cai,Australia,876
Matthew Prestwich,United Kingdom,875
Zabir Bin Moaj,Bangladesh,874
Pedro Henrique de Jesus Silva,Brazil,872
Jonathan Blöcher,Germany,869
Duncan Hobbs,South Africa,866
Cedric Meysing,Germany,865
Thor Muto Asmund,Denmark,865
Oleg Gritsenko,Russia,863
Haozhen Ding (丁昊桢),China,863
Farid Mikhailov,Kazakhstan,860
Wilfrid Py,France,860
Radosław Opoka,Poland,859
Melissa Elizabeth Pérez Morales,Mexico,857
Lucas O'Connell,New Zealand,857
Ko Youngjin (고영진),Korea,856
Wesley Pi,USA,854
Benjamin Paul,Australia,852
Ben Erwin,USA,850
Eduardo Gabriel Silva Bezerra,Brazil,849
Witali Bułatow,Poland,848
Joel Brown Brisola,Brazil,848
Dhruv Agarwal,India,847
Kaijun Lin (林恺俊),China,847
Yuri de Oliveira,Brazil,846
James Quinn,USA,846
Fletcher Berry,USA,846
Toma Kishimoto (岸本到馬),Japan,846
Valentin Lanz,Switzerland,841
Jan Fonš,Czech Republic,837
Manuel Gutman,Argentina,835
Will Cerne,USA,835
Egdar Castillo,Panama,835
Jieyu Yang (杨杰予),China,833
Fernando Israel Zúñiga Macedo,Mexico,831
Daniel Venzke,Australia,830
Callum Hales-Jepp,United Kingdom,830
Dylan Swarts,South Africa,830
Paweł Duraj,Poland,829
Adam Marcellus Kelly,USA,829
Leo Ding,USA,828
Ahsanul Insan Hamid,Indonesia,827
Lorenzo Mauro,Italy,827
Niklas Thomßen,Germany,826
Hui Cai (蔡辉),China,826
Chih-Sheng Hsieh (謝志昇),Taiwan,825
István Kocza,Hungary,824
Shivam Bansal,India,821
Samuel Hernandez Castro,Mexico,819
Carlos Gabriel de Azevedo,Brazil,818
Israel Fraga da Silva,Brazil,818
Stephane Tahon,France,817
Sergio Antonio Galvan Beltran,Mexico,817
Lucas Pedersson,Australia,817
Ethan Pride,Australia,816
Yoav Eynon,Australia,814
Steven Kearns,United Kingdom,814
Walker Welch,USA,814
Jason White,USA,813
Rowe Hessler,USA,812
Lee Stanton-Barnett,New Zealand,812
Alexis Fedeler,Germany,811
Jacob Chambers,United Kingdom,810
Conan Mo,Australia,809
Mengfei Shen (沈梦非),China,808
Arthur Garcin,France,808
Hiroki Iwashita (岩下大輝),Japan,808
James McCambridge,Ireland,807
Cary Huang,USA,807
Tobias Peter,Switzerland,805
Keenan Johnson,USA,803
Emilio Alberto Rodríguez Jiménez,Mexico,799
Darcy Andrikonis,Australia,798
Zeshaan Khokhar,Australia,798
Davron Takhirov,Uzbekistan,797
Aaron Spiller,Australia,796
Mark Boyanowski,USA,796
Kacper Paweł Dworak,Poland,795
Stanisław Szyszka,Poland,795
Helmer Ewert,Sweden,793
Cole Campbell,New Zealand,792
Hiroto Fujita (藤田浩斗),Japan,791
Hill Pong Yong Feng,Malaysia,790
Sam van Vliet,Australia,790
Henry Rusten,USA,787
Cale Schoon,USA,786
Davi Nogueira Massariol,Brazil,786
Heinrich de Lange,South Africa,786
Ming Dao Ting,Australia,786
Angel Alexis Carrillo Ramirez,Mexico,784
Timo Norrkniivilä,Finland,784
Asadbek Kodirjonov,Uzbekistan,783
Ng Jia Quan (黄佳铨),Malaysia,783
Liam Highducheck,Australia,783
Corey Sakowski,USA,780
Ainesh Sevellaraja,Malaysia,779
Akmal Abduazizov,Uzbekistan,779
Dmitrii Saukov (Дмитрий Сауков),Russia,778
Anuj Singh Negi,India,777
SM Abeer Ullah,Bangladesh,775
Pedro Miranda Moreira,Brazil,774
Riley Dexter,Australia,774
Amirbek Kurbanov,Uzbekistan,774
Oto Aoyagi (青柳吟),Japan,773
Josef Matijevic,Australia,772
Jens Haber,Germany,771
Daniel Tidsey,United Kingdom,771
Jolo Endona,Philippines,770
Oscar Wong Jing Yee (王敬宇),Malaysia,770
Ethan Pan,New Zealand,769
Gage Coon,USA,768
Michael Conard,USA,767
Olivier Vos,Netherlands,767
Nikhil Soares,India,764
Viktor Zenk,Sweden,763
Asger Normann-Hansen,Denmark,761
Shenghai Fang (方胜海),China,761
Raymond Goslow,USA,760
Kamil Łukaszewski,Poland,760
Bartłomiej Kryński,Poland,758
Alec Rosas,USA,757
Zekun Huang (黄泽坤),China,757
Jia-Hong Lu (陸嘉宏),Taiwan,757
Hari Anirudh,India,757
Elliot Wiecek,USA,754
Naoto Shinagawa (品川直登),Japan,754
Paul Taylor,USA,754
Chris Deng,USA,753
William Phommaha,France,752
Gustavo Dutra Santolin,Brazil,750
Jonathan Charlesworth,Australia,750
Komal Gupta,India,749
Roman Kostyukov,Russia,749
David McLean,Australia,749
Max Siauw,USA,749
Clarence Kinsey G. Orozco,Philippines,749
Chan Hay Yin (陳希言),Hong Kong,748
Jeremy Crouther,Australia,748
Tiago Zamberlan,Brazil,748
Marco Edoardo Cittar,Italy,747
Yifan Cheng (程依凡),China,747
Jose Alejandro Sandoval Garcia,Mexico,747
DongJae Lee,Korea,747
Neel Gore,USA,746
Firstian Fushada (符逢城),Indonesia,746
Anthony Rochester,Australia,745
Ernesto Sebastián Portillo Aldana,Mexico,745
Ryan Pilat,USA,745
Joshua Hounslow,Australia,744
Chi-Lun Hung (洪啟倫),Taiwan,743
Phillip Maxwell,Indonesia,743
Parth Garg,USA,740
Daniel Mullen,USA,740
Jan Bentlage,Germany,740
Rodrigo Zarate,Peru,740
Damon Khoo,Canada,740
Leia Jiang,USA,739
Al Grogan,Ireland,738
Tawsiful Islam,Bangladesh,737
Donna Krueger,USA,736
Amy Eguchi-Fergusson,Australia,736
Rustam Valeev,Russia,736
Tom Stanton-Barnett,New Zealand,735
Naoya Hirata (平田直也),Japan,735
Joey Mait,USA,733
Anubhav Dhruv Ammangi,Australia,732
Wayne Pi,Taiwan,732
Minhyun Kim (김민현),Korea,732
Andrei Solntsev,Estonia,731
Richard Anthony Parada,USA,731
Kristian Holme,Norway,731
José Antonio Navarro Sánchez,Spain,730
Grigorii Alekseev,Russia,729
Timo Hromádka,Slovakia,729
Chen-Pin Sun (孫振斌),Taiwan,728
Bo-Yu Lin (林柏佑),Taiwan,728
Dylan Baumbach,USA,728
Caleb Hall,New Zealand,728
Ethan Rusnak,Canada,727
Alex Taylor,New Zealand,727
Jie Jiao (焦杰),China,726
Lennon Hughes,Australia,726
Kazutaka Watanabe (渡部和孝),Japan,726
Michał Wachowiak,Poland,725
Geovanny Cueva,Ecuador,725
Oleksandr Ivanchak (Олександр Іванчак),Ukraine,724
Kaemen Te Dengjian,Malaysia,724
Anthony Montes,USA,724
Alex Cheng,USA,724
Juan Carlos Collao Mamani,Bolivia,723
Marcel Ručigaj,Slovenia,723
Will Belote,USA,722
Axel Uriel Sánchez Zúñiga,Mexico,721
Raymond Wu Won,Australia,721
Bradley Sampson,USA,720
Assylkhan Meirkhanov (Асылхан Мейрханов),Kazakhstan,720
Alex Agranov,USA,720
Harry Wagstaff,Australia,718
Syougo Kamo (加茂翔吾),Japan,715
Mikołaj Morawski,Poland,715
Ziyue Chen (陈子悦),China,713
Duo Zheng (郑铎),China,713
Eric Limeback,Canada,713
Carter Kucala,USA,712
Jonathan Pang,Australia,710
Ron Libman,Israel,709
Marharyta Dovbii (Маргарита Довбій),Ukraine,708
Linus Frész,Germany,707
Alexey Dudin (Алексей Дудин),Russia,707
Oscar Felipe Montesinos Gutiérrez,Mexico,707
Eason Siew Ee Son (蕭奕晨),Malaysia,707
Brayden Wroten,USA,706
Konstantinos Vlachveis,Greece,706
Nevins Chan Pak Hoong (陈百鸿),Malaysia,704
Ricco Visser,South Africa,704
Brandon Poulton,United Kingdom,703
Mike Hughey,USA,703
Nikita Razzamazov (Никита Раззама́зов),Russia,703
Stuart Salmon,United Kingdom,702
Christopher G. Argueta,USA,702
João Pedro de Ornellas Cardoso,Brazil,702
Will Russo,USA,701
Ruslan Appazov,Uzbekistan,701
Thomas Schmidt,Denmark,700
Ben Keogh,Ireland,700
Qifan Wang (王启帆),China,699
Sam Sieracki,Australia,699
Leonardo Pranadyar,Indonesia,698
Grant Lian,China,698
Keiichiro Taira (平佳一郎),Japan,695
Mikhail Andreev,Russia,695
Andreas Block Laberg,Norway,694
Luca Stalpers,Netherlands,693
Vladimir Sergeev,Russia,693
Li-Wei Wu (吳立偉),Taiwan,693
Mikołaj Salamon,Poland,693
Tianyu Zhao (赵天愉),China,693
Daniel Choi,Australia,692
Braden Richards,USA,691
Mikhail Antonov (Михаил Антонов),Russia,691
Frederik Rollmann,Germany,690
Yunqi Ouyang (欧阳韵奇),China,690
Myles Jarman,Australia,690
Sukesh Kumar,India,690
Sergio de la Mora García,Mexico,689
Tommas Austin-Milne,Australia,689
Jack Maddigan,New Zealand,689
Martin Brath,Germany,689
Andy Nicholls,United Kingdom,689
Dominik Obara,Poland,689
Christopher Morris,United Kingdom,689
Josh Weimer,USA,688
Gianluca Placenti,Italy,687
Achyut Kayastha,Nepal,687
Noah Feld,USA,687
Abhijat Sahu,India,687
Michael Edmonds,Australia,687
Danila Ryabinin,Russia,686
Lee Zhi Xuan,Malaysia,686
Pavel Kovirzin (Павел Ковырзин),Russia,685
Yinhao Ding,Australia,684
Enoch Gray,USA,684
Ting He (禾廷),China,684
Albert Garriga Gea,Spain,684
Ethan Davis,USA,683
Akash Rupela,India,683
Max Brameld,USA,682
Bálint Csengő,Hungary,681
Elijah Brown,USA,679
Ruric Victor Costa Da Silva,Brazil,678
Sarah Fluck,United Kingdom,678
Sheng Foon Kin,Malaysia,678
Lachlan Stephens,Australia,675
Alex Lamont,USA,675
Takayuki Tanaka (田中隆喜),Japan,675
Zak Kenny,Australia,675
Sandy Aaron Jones,France,675
Dieter Amberger,Austria,674
Yongbin Zhao (赵勇镔),China,672
Chloe Lee Synn Yii,Malaysia,672
Tyler Williams,Australia,671
Ivan Khvatov (Иван Хватов),Russia,671
Read Xia,USA,670
Jhasmani Oxa Lopez,Bolivia,669
James Moore,New Zealand,669
Joseph Norton,USA,668
Taha Ben Salah,Tunisia,668
Miguel Enzo Moraes de Brito,Brazil,668
Peter Weyers,USA,668
Erik Tjong Kim Sang,Netherlands,667
Willem Klose,Germany,666
Jan Riedl,Czech Republic,666
Yurii Riabov (Юрій Рябов),Ukraine,666
Philippe Schwartz,Luxembourg,666
Renan da Cunha Santos,Brazil,666
Harsh Maheshwari,India,665
Richard Espinosa,Philippines,665
Ivan Polkanov (Иван Полканов),Russia,665
Mykhailo Lagoida (Михайло Лагойда),Ukraine,665
Pascal Ordano,Argentina,664
Zayd Chaudhry,Australia,664
Lorenzo Vigani Poli,Italy,664
Kamil Michalak,Poland,664
Alexey Zharikov,Russia,664
Andy Gong,Australia,663
Konstantin Jaehne,Germany,663
Alaik Bhatia,India,662
Ricardo Gomes Castro,Brazil,661
Adrian Tadulan,Philippines,661
Angeline Wijaya (黃千儀),Indonesia,661
Yerkin Assylbek,Kazakhstan,661
Jael Riggenbach,Peru,661
Tim Reynolds,USA,660
Liang Chen (陈樑),China,660
Nikolai Gomelchuk,Russia,658
Noah Swor,USA,658
Christopher Baird,USA,658
Feruz Gulomov,Uzbekistan,657
Ethan Honest,Canada,657
Timothy Lawrance,South Africa,656
Masato Fujiwara (藤原正人),Japan,656
Harsha Paladugu,USA,656
Paris Dorn,Canada,655
András Gelencsér,Hungary,655
Guilherme Santana Campos,Brazil,655
Kyeongmin Choi,Korea,655
Wenhao Cai (蔡文昊),China,654
Aurelien Marion,Belgium,654
Esra Mehmedova,Bulgaria,654
Aziz Hojimatov,Uzbekistan,654
Joshua Feran,USA,653
Anuar Miguel Abib Onofre,Brazil,653
Natán Riggenbach,Peru,653
Lee Hoween,Malaysia,653
Adel Mosallami,Philippines,653
Zhao-Zhe Zhong (鍾肇哲),Taiwan,652
Dylan Wang,Canada,651
Andrew Nguyen,Canada,651
Jacob McGruddy,Australia,651
Preston Duke,USA,650
Luis Kleinheinz,Germany,649
David Pearce,Australia,648
Anael Champion,France,648
Daniel Vædele Egdal,Denmark,647
Meghan Hemmer,USA,647
Baptiste Hennuy,France,647
Jeremy Sheng,USA,647
Manfred Siew Ee Sheng (蕭奕晟),Malaysia,647
Christopher Connolly,Canada,646
Zachary Zurawski,USA,646
Davi de Andrade Iácono,Brazil,645
Wilmer Torres,Guatemala,645
Jode Brewster,Australia,645
Igor Brazhnikov (Игорь Бражников),Russia,645
Pandu Rendradjaja,USA,645
Juan Ignacio Caneppa,Argentina,645
Jeevan Pritham,India,645
Jaco Momberg,South Africa,644
Brandon Pierel,USA,644
Gleiciano Cosmo Santos,Brazil,644
Suraj Pheudin,Nepal,644
Braeydon Deany,Australia,642
Lachlan Malcolm,Australia,641
Jareth Soong,Singapore,641
Matej Bolta,Slovenia,641
Andrew Do,Australia,641
Arsène Laffarre,France,641
AJ Kamal,USA,640
Cian-Jyun Yang (楊謙君),Taiwan,640
Alexei Sinyavin,USA,640
Kai Roff,United Kingdom,639
Emile Compion,South Africa,638
Conlan Trace,USA,637
Adrian Cheung,Canada,637
Sebastian Eguez,Bolivia,636
Hyun-Kyoo Rah (나현규),Korea,636
Grigoriy Shumakov,Russia,636
Jacob Ambrose,USA,635
Alexis Rodrigo Cazu Mendoza,Mexico,635
Tommaso Senatori,Italy,635
James Golding,United Kingdom,634
Yoshio Matsumoto (松本嘉夫),Japan,634
Xinyun Chen (陈新运),China,634
Alistair Robequin,Switzerland,633
Patrick Kleverlaan,Australia,632
Jake M. Hanson,USA,631
Mathurin Deramecourt,France,631
Alan Galym (Алан Галым),Kazakhstan,631
Chun-Lin Ho (何俊霖),Taiwan,631
Yunzhou Zhu (朱云舟),China,631
Oscar Paul Mamani Oscalla,Peru,631
Mark Charlesworth,Australia,631
Albert Sandru,USA,631
Akito Takei (武井章人),Japan,631
Grzegorz Łuczyna,Poland,630
Maxim Chechnev,Russia,630
Shubham Maharana,India,629
Sebastián Morón Mariscal,Bolivia,629
Yuxin Wang (王宇欣),China,629
Marcos Ferreira Semolini,Brazil,628
Joe Davis,Australia,628
Ishaan Lal,USA,628
Mateusz Gil,Poland,627
Jeremiah Martin,USA,627
Anderson Alessandro Pavia,Brazil,627
Alexey Semichastnov,Russia,627
Jacob Dunn,United Kingdom,626
Dongzhe Li (李东哲),China,626
Wong Chong Wen (黄崇文),Singapore,625
Luiz Fellipe Oliuza Leal Silva,Brazil,625
Haruka Kitamura (北村晴香),Japan,624
Ben Saperstein,USA,624
Javier Hernandez Requena,Spain,623
Antoni Kingston,Poland,623
Connor Yungbluth,USA,623
Celine Tran,Norway,623
Liew Yee Voon (劉倚文),Malaysia,622
Benjamin Sanchez Magaña,Mexico,621
Nikolaij Tamborin,Italy,621
Jeann Valdez,Australia,620
Abner Brijesh,USA,620
Quinn McGagin,USA,620
Elliott Kobelansky,Canada,620
Laura Holzhauer,Germany,620
Miles Lipka,USA,620
Andrey Panov (Андрей Панов),Russia,620
Taylor Cookmeyer,USA,619
Niclas Mach,Germany,619
Pauline Bonnaudet,France,618
Sean Hartman,USA,618
Dylan Vaskevicius,Canada,617
Diego Brizuela Crespo,Mexico,616
Tyler Schepanski,USA,616
Davronbek Rustamov,Uzbekistan,616
Lanshi Zhang (张岚石),China,616
Volodymyr Solonka (Володимир Солонка),Ukraine,616
Bill Hammill,United Kingdom,615
Hrithik Solanki,India,615
Sora Sato,Australia,614
Ruohan Qiu (邱若寒),China,614
Eric Hess,Canada,614
Erik Kippus,Estonia,613
Max Beames,Australia,613
Alexandre Henrique Afonso Campos,Brazil,613
Lalith Sashank,India,613
Maxim Ilin,Russia,613
Yuki Yamamoto (山本祐輝),Japan,612
Hirotaka Ito (伊藤大平),Japan,611
Brody Meschke,USA,611
Muhammad Faeyza Koda,Indonesia,610
Erik Akkersdijk,Netherlands,610
Andrii Lushpak (Андрій Лушпак),Ukraine,610
Simon Kellum,USA,608
Ruben Grobler,South Africa,608
Tomas Kristiansson,Sweden,608
Martial Bonarek,France,608
Şmit Andrei Oanea,Romania,608
Diego Meneghetti,Brazil,608
Hannes Müller,Germany,608
Maxime Clapié,France,608
Matías Ponte,Argentina,608
Joseph Williams,United Kingdom,607
Leonardo Ezequiel Cruz,Argentina,607
Victor Dieny,France,607
Jerry Jiang,New Zealand,606
Kacper Rafalski,Poland,606
Xieben Zou,China,606
Maxim Brednev (Максим Бреднев),Russia,606
David Bautista García,Spain,606
Isaac Wells,Australia,606
Aaron Ariff,Malaysia,606
Luis Fernando Aldás Cuestas,Ecuador,606
Patryk Milewczyk,Poland,606
Jaemin Chang (장재민),Korea,605
Vidar Norstein Klungre,Norway,605
Creston Brooks,USA,605
Jaden Lim,Philippines,605
Mutlu Özçelebi,Turkey,605
Benjamin Gendre,France,605
Joe Labas,Australia,604
Gianfranco Huanqui,Peru,604
Ryan Fong,USA,603
Anton Mikhailik (Антон Михайлик),Russia,603
Vilius Ribinskas,Lithuania,603
Thomas Clark,New Zealand,603
Manuel Bühler,Switzerland,603
Thomas Curnow,Australia,603
Michel Vinicius Venske Pereira,Brazil,602
Knut Skaug Haraldsen,Norway,602
Vladyslav Hreben (Владислав Гребень),Ukraine,602
Albert Quiñones,Philippines,601
Dattatreya Chodavarapu,India,601
Matic Omulec,Slovenia,600
Mehrdad Navidian Mehr (مهرداد نویدیان مهر),Iran,600
Abhijeet Ghodgaonkar,India,600
Derek Kong,Canada,599
Jeyamurugesh Jeyaraj,India,599
Marina Diachenok (Марина Дяченок),Russia,599
Riley Woo,USA,599
Paul Becsi,Romania,599
Gang Yang (杨港),China,599
Henri Gerber,Germany,598
Vincent Chen,USA,598
Simon Jansson,Sweden,598
Alisher Soltan (Алишер Солтан),Kazakhstan,598
Ray Bai,USA,597
Henry Lipka,USA,597
Fabian Settelen,Switzerland,597
Josué Esteban Bacilio Chicoma,Peru,597
Kerry Creech,USA,596
Cheng-Ru Yang,New Zealand,596
Emmet Hobbs,Australia,596
Juan Emmanuel Gomez Garcia,Mexico,595
Daniel Atlas,Israel,595
Hongbin Chang (常宏彬),China,594
Ahmad Naufal Hakim,Indonesia,594
Henrik Buus Aagaard,Denmark,594
Alberto Arturo Ayllón Bustos,Bolivia,594
Oleksii Sodoma (Олексій Содома),Ukraine,594
Georgiy Titov (Георгій Тітов),Ukraine,592
Hannah Minas,Switzerland,592
Jair Sosa,USA,592
Aysha Jamsheer,Bahrain,592
Adam Greenwood,United Kingdom,592
Max Korchagin (Макс Корчагин),Russia,591
Dallas McNeil,Australia,590
Ang Chin Zhen (洪靖程),Malaysia,590
Jefferson Andres Durango Argaez,Colombia,590
Lichao Liu (刘立超),China,590
Timothy Ithurbure,Netherlands,589
Natsuki Ishizawa (石澤夏希),Japan,589
Nicholas Patterson,Canada,589
Heejun Kim (김희준),Korea,589
Artyom Martirosov,Russia,588
Will Callan,USA,587
Maxime Madrzyk,France,587
Vicenzo Guerino Cecchini,Brazil,587
Gabriel Barrios,Guatemala,586
Ruimin Yan (颜瑞民),China,586
Andrey Ivanov,Russia,586
Bobby D'Angelo,USA,586
Jihaobutao (冀好布套),China,586
Ryan Farish,USA,586
AJ Blair,USA,585
Joe Boisen,Australia,585
Natanael Lundberg,Sweden,584
Jorge Augusto Siqueira Pinto,Brazil,583
Ilya Kerymov (Ілля Керимов),Ukraine,583
Gilbert Theodore Nathaniel,Indonesia,583
Sarvagya Kulshreshtha,India,582
Davis Pogor,USA,582
Timur Yulmukhametov,Russia,582
Timo Forsthofer,Germany,581
Ben Ridley,United Kingdom,581
Bowen Xiao (肖博文),China,581
Abylai Orazalin (Абылай Оразалин),Kazakhstan,581
Leon Tran,Australia,581
Nicholas McKee,USA,580
Matteo Dummar,Italy,580
Damiano Di Paola,Italy,579
Przemysław Rogalski,Poland,578
Nicholas Tan Jun Wei,Malaysia,578
Josias Milan Sirpa Pinto,Bolivia,578
Sukant Koul,India,578
Victor Tang Yao Jun (湯曜駿),Hong Kong,577
Antônio Ferreira Neto,Brazil,577
Anirudh Sureshram,India,577
Francis Daniels Veğeris,Latvia,577
Izan Cantero Herrera,Spain,576
Chan Hui Tung (陳許瞳),Hong Kong,576
Victor Chenu,France,575
Viktor Rudnev (Виктор Руднев),Russia,575
Muhammad Nadzir,Indonesia,575
Alejandro Bertin Ruiz Arriaga,Mexico,574
Hua-Ting Lee (李華庭),Taiwan,574
Aneurin Hunt,New Zealand,573
Charlie van Ooran,Australia,572
Xuran Zheng (郑旭然),China,571
Cheng Hiu Yeung (鄭曉洋),Hong Kong,570
Jason Ostdiek,USA,570
Kavin Tangtartharakul,USA,569
Steve Greer,USA,569
Samuel Cuellar Ramirez,El Salvador,569
Takafumi Sakakibara (榊原隆文),Japan,568
Harry Owen,United Kingdom,567
Raman Shakya,Nepal,567
Florent Gaubert,France,567
Mikhail Sartakov,Russia,567
Elmer Alexander Johnsen,Norway,567
Simon Westlund,Sweden,566
Kristian Gil Caragan,Philippines,566
Serhii Koksharov (Сергій Кокшаров),Ukraine,566
Sebastián Yuste Lucero,Chile,565
Svetlana Baskakova (Светлана Баскакова),Russia,564
Armando Dian,Malaysia,563
Bibhushan Saakha,Nepal,563
Mara Oprea,Romania,562
Evan Liu,USA,562
Tomoyuki Hiraide (平出智之),Japan,562
Ting Ting Zhao,Argentina,561
Márton Vancsa,Hungary,561
Clay Moore,USA,561
Muhammad Saleh Imtiaz,Pakistan,561
Darby Lee,Australia,560
Andrew Shattuck,USA,560
Christopher Sun,USA,559
Martin Fronescu,Romania,559
Alex Kekkonen,Finland,558
Mohammad Almoumen,Kuwait,558
Garuda Firmansyah,Indonesia,558
Damian Wilding,USA,558
Choi Hyo-jin (최효진),Korea,558
Adam Dums,USA,557
Vyacheslav Sizov,Russia,557
Roberto Bentivoglio,Italy,557
Aset Agabekov (Асет Агабеков),Kazakhstan,557
Madan Sing Nepali,Nepal,556
Joaquin Abarca,Canada,556
Kiagus Ahmad Haikal Hafif Hamidy,Indonesia,556
Łukasz Stępień,Poland,554
Pavlo Bondar (Павло Бондар),Ukraine,553
Oliver Grace,Ireland,553
Frederico Canal Gomes,Brazil,553
Hayden C. Lesser,USA,553
Fernando José Muchuch Chavez,Guatemala,552
Piotr Gałczyk,Poland,552
Karol Zakrzewski,Poland,552
Hazel Moises Ruiz Gutierrez,Mexico,552
Sam Koch,USA,552
Serhii Mormul (Сергій Мормуль),Ukraine,551
Mark Rivers,United Kingdom,551
Andrey Guva (Андрей Гува),Kazakhstan,551
Matthew Sieredzinski,Australia,551
Maksym Dumanskyi (Максим Думанський),Ukraine,551
Ivan Torgashov (Иван Торгашов),Russia,551
Darren Siew Ee Yaang (蕭奕暘),Malaysia,550
Zhengyang Zhang (张正阳),China,550
Teruki Tamura (田村旭輝),Japan,550
Alexander Olleta del Molino,Spain,550
Jorge Manuel Lira Ibarra,Mexico,549
Daniel Karnaukh,USA,549
Sorin Turculeț,Romania,549
Gastón Chornobroff,Argentina,548
Volodymyr Korol (Володимир Король),Ukraine,548
Jeff Park,USA,548
Jason Hammerman,USA,548
Jakub Bartos,Poland,547
Kit Clement,USA,547
Xuezhou Shen (申学舟),China,547
Nicholas Moreno,USA,547
Leonid Shcherbakov (Леонид Щербаков),Russia,547
Ivan Polukarov,Russia,546
Peter Andersson,Sweden,546
Chris Groenewald,South Africa,545
Calvin Nielson,USA,545
Tommy Kiprillis,Australia,545
Finn Owens,USA,545
Evgeniy Mazhara,Russia,544
Makoto Kawamura (川村誠),Japan,544
Nikhil Mande,India,544
Edward Zeng,Canada,543
Ivan Krueger,USA,543
Dawid Wójcik,Poland,543
Yashwardhan Budhiraja,India,543
Alex Sharples,New Zealand,543
Raiyan Abdulrub,Canada,543
Dominik Fürer,Switzerland,543
Daniel Evans,United Kingdom,542
Marlon de V. Marques,Brazil,542
Matthew Simpson,Canada,542
Elias Seoane Bucio,Mexico,541
Anh H. Nguyen,Vietnam,541
Ramses Amaya,Colombia,541
Jason Bilgrei,USA,540
Daniel Greigg,USA,540
Siddhi Venkatesh,India,540
Baha Alshwaiki,Jordan,540
Owen Wilkins,USA,539
Elias Meynckens,Belgium,539
Bartłomiej Krokos,Poland,538
Damian Matraszek,Poland,538
Tommy Cherry,USA,537
Matthew McMillan,USA,537
Cameron Stollery,Australia,537
Sol Kabeemer,India,537
Justin Gou,USA,537
Brendan Miles,USA,537
Raluca Ioana Grigoraș,Romania,537
Jedrick Remonde,Philippines,537
Oliver Bacon,Ireland,536
Leslie Sampson,USA,536
Atis Prasitvatanakul (อธิษฐ์ ประสิทธิ์วัฒนะกุล),Thailand,536
Andy Ma,China,536
Yash Mehta,India,535
Rotem Ifrach,Israel,535
Ihor Sukhovatenko (Ігор Суховатенко),Ukraine,535
Bence Barát,Hungary,535
Shrijan Pal,India,534
Luca Rizzi,Switzerland,534
Piotr Janecki,Poland,534
Justus Danielsen,USA,533
Alexey Kislovskiy,Russia,533
Denys Shuleshchenko (Денис Шулещенко),Ukraine,532
Tomoya Firman,Australia,532
Abhash Rajbhandari,Nepal,532
Farid Fhakhrian (فرید فخریان),Iran,532
Luke Heath-Edwards,New Zealand,532
Mikus Lembergs,Latvia,531
Raúl Cuevas Castillo,Spain,531
Jagadish Muthuram,India,531
Kasparas Lienys,Lithuania,531
Daniel Guardado Cabral,Mexico,531
Zamir Pantoja,Peru,530
Korakot Inkaew (กรกฎ อิ่นแก้ว),Thailand,530
Erlend Ektvedt Fredriksen,Norway,530
Fawaz Ahmed,India,530
Rahul Rokade,India,530
Matheus Casassa Viana,Brazil,530
Shane Swanepoel,South Africa,529
Muhammad Nurhidayat Bin Hishamuddin,Malaysia,529
Temir Mantsaev (Темир Манцаев),Russia,529
Dmitry Rodin (Дмитрий Родин),Russia,529
Tucker Chamberlain,USA,528
Santiago Medina Guzmán,Mexico,528
Ole Nikolai Gjerset,Norway,528
Manu Vereecken,Belgium,528
Ruslan Morozov,Russia,528
Gabriel Sanchez,USA,527
Parker Trager,USA,527
Jack Sutton,Australia,527
Rodson Lingad,Philippines,526
Avshalom Sharavani,Israel,526
Jared Stinson,USA,526
Mingzhi Da (达明志),China,525
Yifan Zhuang (庄一凡),China,525
Shukrullo Ibragimov,Tajikistan,525
Reuben San Luis,USA,524
Georel Ulangkaya,Philippines,523
Isaac Myers,USA,523
Matěj Grohmann,Czech Republic,523
Vladimir Kostin,Russia,523
Alan Żeromski,Poland,523
Rasmus Guldager,Denmark,523
Yutao Guo (郭宇韬),China,523
Elvin Thorsen,Sweden,522
Ben Marlin,USA,522
Thomas Jansson,Sweden,522
Thomas Reinke,USA,522
Eva Kato,USA,522
Alon Ron,Israel,522
Yuji Yoshida,Philippines,522
Alexander Mutch,Canada,522
John Brechon,USA,521
Shintaro Hirose (広瀬慎太郎),Japan,521
Javier Agustín Rossi,Argentina,521
Pilan Scruggs,USA,521
Dennis Josue Blanco,Honduras,521
Julen Simón Iriarte,Spain,521
Valentin Herrera,Germany,520
Fabio Schwandt,United Kingdom,520
John F. Kronkvist,USA,520
Ana Cristina Chao Sánchez,Mexico,520
Peri Le Dain,USA,520
Preetham Narayanareddy,USA,520
Michał Krasowski,Poland,519
Emmanuel Carrillo Leon,Mexico,519
Christian König,Germany,519
Oscar Rene Mejia Aguirre,El Salvador,519
Naoki Tani (谷直輝),Japan,519
John Edison Ubaldo,Philippines,518
Rémi Esturoune,France,518
Diana Murnik,Russia,518
Joel Ulin,Sweden,518
Mitchell Hum,USA,516
Linus Kunath,Germany,516
Jakub Dłużak,Poland,516
Jesús Tadeo Perez Cardona,Mexico,515
Jérôme Carlier,Belgium,515
Michael Alexander,Australia,514
Monty Wain,Australia,514
Eli Jay,United Kingdom,514
Carlos Pedro Casado de Achával,Argentina,514
Krish Shah-Nathwani,USA,514
Yang Li (李扬),China,513
Caleb Clark,Australia,513
Zeke Mackay,USA,512
Damir Zhanataev (Дамир Жанатаев),Kazakhstan,512
Tsong Jian Feng,Malaysia,512
Davide Arnesano,Italy,511
Alistair Miller,United Kingdom,511
Shane David,USA,511
Illia Kozlov (Ілля Козлов),Ukraine,511
Aaron Sun,USA,511
Simone Ohler,Germany,510
Ahmad Maulana Faiz Adam,Indonesia,510
Ernest Zakrzewski,Poland,510
Zachary Trudell,USA,510
Adrien Auvray Matyn,New Zealand,509
Ace Djun T. Aguirre Jr.,Philippines,509
Shantanu Modak,Singapore,509
Nien-Ping Chen (陳念平),Taiwan,508
Reza Ghorbani (رضا قربانی),Iran,508
Daniel Goodman,USA,508
Moisés Alberto Rojas León,Mexico,508
Michael Mehta,USA,508
Sofía Guerrero Neto,Spain,507
Valentin Mallavia,Argentina,507
Guowei Sun (孙国卫),China,507
Jolina Chen,Australia,507
Viljo Elo,Finland,507
James Mitchell,United Kingdom,507
Yeeun Park (박예은),Korea,506
David Chong Kai Xiang,Malaysia,506
Ian Drake,USA,506
Ivo Bakker,Netherlands,506
Jakub Hamkało,Poland,506
Jiazheng Zhao (赵家正),China,506
Minh-Khanh Phung,USA,505
Ananthan Rajiv,India,505
Jack Pfeifer,USA,505
Edson Erivan Mosqueda Martinez,Mexico,504
Daniel Alejandro Torres Moreno,Colombia,504
Noé Bourdon,France,503
Abhinav Yalamanchili,USA,503
Carlo Piccolo-Cody,Australia,503
Andrés Hisashi Suzuki,Peru,502
Yunsu Nam (남윤수),Korea,502
Patrick French,USA,502
Simon Chanin,USA,501
Kalyani H. Kiran,India,501
Timothy Castle,USA,501
Isai Oswaldo Gonzalez Canessa,El Salvador,501
Carlo Flores,Canada,501
Bogdan Dovbysh,Belarus,501
Igor Tarasov (Ігор Тарасов),Ukraine,501
Max Xiong (熊锐明),China,501
Tijmen van der Ree,Netherlands,500
Rustin Haderlie,USA,500
Vladimir Okenchits,Russia,500
Tripp Lyons,USA,500
Miranda Manning,USA,499
Jacob Eoin Gipp,Canada,499
Olli Vikstedt,Finland,499
Anqi Yu,Bulgaria,498
Joel Hernández,El Salvador,498
Zhenyang Shao (邵振洋),China,498
Lucas Déglise,France,498
Yuchao Zhang (张昱超),China,498
Andris Lukijans,Latvia,498
Jesús Lindo García,Spain,497
Chris Hardwick,USA,497
Vianne Chang,Canada,497
Jack Izzo,USA,497
Edward Rust,Australia,497
Akatsuki Kitamura (北村曉),Japan,497
Luis Sinhue Medina Salas,Mexico,497
Timothy Goh,USA,496
Husin Khlif,Tunisia,496
Carson Claud,USA,496
David Vujasić,Croatia,496
Marco Rota,Italy,496
Pacifico Rodriguez,Switzerland,496
Oliver Fritz,Germany,495
Sebastian Werb,Germany,495
Oliver Wheat,United Kingdom,494
Antoni Cichoń,Poland,494
Yuheng Wu (吴雨衡),China,494
Nico Buijs Estévez,Spain,493
Benoît Zumer,France,492
Shek Ho Hin (石灝軒),Hong Kong,492
Shokhrukh Agzamov,Uzbekistan,492
Maria Zhits,Russia,491
Birk Bredland,Norway,491
Aayush Gupta,India,491
Abel Pérez Gisbert,Spain,491
Pedro Trujillo García,Mexico,491
Aaron Du,USA,490
Elizaveta Selezneva,Russia,490
Theodore Chow,Canada,489
Aniketh Arya,India,489
Christian Angelo Araneta Naguio,Philippines,489
Jae Hyun Jeong,Korea,488
Daniel Yakhkind,Israel,488
Arif Zafer,Turkey,488
Arttu Puttonen,Finland,488
Sergio Bodega Herráiz,Spain,488
Eduard Satran,Romania,488
Isaac Langer,USA,487
Hongxu Tian (田弘谞),China,487
Ari Randers-Pehrson,USA,487
Yoni Strassberg,Israel,487
Osman Badroodin,South Africa,487
Alexander Batz,Guatemala,486
Juan José Rodas,Bolivia,486
Krystian Czudej,Poland,486
Mykhailo Kolesnychenko (Михайло Колесниченко),Ukraine,486
Mayron Blain,France,486
Daniel Hermansson,Sweden,486
Nikita Kabanin (Никита Кабанин),Russia,485
Antonie Paterakis,Greece,485
Austin Jensen,Canada,484
Ivan Miletić,Serbia,484
Tyler Hicks,USA,484
Kohei Abe (阿部航平),Japan,483
Pedro Bulux,Guatemala,483
André Pereira do Nascimento,Brazil,483
Marco Manno,Italy,483
Hamidreza Eghbal (حمیدرضا اقبال),Iran,483
Xinghua Zhang (张兴华),China,483
Juan Pablo Suárez Narváez,Ecuador,483
William Tao,Australia,483
Dakota Akarlilar,USA,482
Oleksii Tsegelnyk (Олексій Цегельник),Ukraine,482
Luigi Soriano,USA,482
Hasabi Sailendra,Indonesia,481
Enzo Mattos,Brazil,481
Jiachi Han (韩佳池),China,481
Cyprian Kalbarczyk,Poland,481
Jason Kochan,USA,480
Sean Moran,United Kingdom,480
Reto Bubendorf,Switzerland,480
Carl Emil Exner,Denmark,480
Omar Eduardo Reyes Arana,Mexico,480
Stepan Zaharchenko,Uzbekistan,479
David Verdooren Flórez,Colombia,479
Aedan Bryant,USA,478
Majid Qotbeddini (مجید قطب الدینی),Iran,478
Fardin Bahadory Nejad (فردین بهادری نژاد),Iran,478
Juliette Sébastien,France,478
Bryan Melao,France,478
Tommy Szeliga,USA,478
Abhimanyu Singhal,India,478
Leon Achata,Peru,478
Ankit Sanjel,Nepal,477
Kyra Joiner,USA,477
Mykola Maksai (Микола Максай),Ukraine,477
Youngsub Lee,Korea,476
Jacob Oliver Bruun,Norway,476
Alex Burns,United Kingdom,476
Islam Tagirov (Ислам Тагиров),Russia,476
Leonard Cabral,Philippines,476
Bobur Mamadiev,Uzbekistan,476
Dmitri Arterchuk,Belarus,476
Liam Wadek,New Zealand,475
Kit Bailey,USA,474
Srikar Vinjamara,India,474
Egor Besedin (Егор Беседин),Russia,474
Jose Polorhenzo Aquino,Philippines,473
Anaëlle Msaidie,France,473
Dániel Varga,Hungary,473
Mikela Elleby Jørgensen,Denmark,473
Nikko Gammad,Philippines,473
Andreas Lambropoulos,USA,473
Giovanni Tanaka (陈华安),Indonesia,473
Luis Vargas,Peru,473
Yunhao Lou (娄云皓),China,472
Yikuan Kan (阚亦宽),China,472
Jae Park,USA,472
Fabio De'Rose,Brazil,472
William Jensen,Sweden,472
