name,country,skewb
Daniel Vædele Egdal,Denmark,1299
Martin Vædele Egdal,Denmark,1270
Michał Krasowski,Poland,1267
Johan Mørkbak Bertelsen,Denmark,1247
Cezary Mach,Poland,1234
Aniket Das,India,1227
Dwyane Ramos,New Zealand,1222
Phoenix Patterson,Australia,1213
Daniel Wallin,Sweden,1207
Łukasz Burliga,Poland,1201
Vojtěch Kundera,Czech Republic,1196
Jonathan Charlesworth,Australia,1188
Jakob Gunnarsson,Sweden,1187
Isaac Latta,New Zealand,1169
Magdalena Pabisz,Poland,1168
Zayn Khanani,USA,1167
Nicolas Køster Christensen,Denmark,1167
Zongyang Li (李宗阳),China,1155
Henri Gerber,Germany,1152
Riley Dexter,Australia,1147
Benjamin Thunbo Jonassen,Denmark,1147
George Scholey,United Kingdom,1145
Mateusz Szulik,Poland,1145
Samir Homsi,Turkey,1142
Sebastian Outh-Aut,Australia,1137
Kevin Gerhardt,Germany,1136
Jode Brewster,Australia,1135
Chris Mills,United Kingdom,1135
Bartłomiej Owczarek,Poland,1134
Dylan Johnston,Australia,1133
Mattheo de Wit,Netherlands,1128
Elias Malomgré,Belgium,1128
Johannes Knudsen,Sweden,1127
Yihao Zhao (赵羿皓),China,1126
Noah Kraft,Germany,1124
Xinjie Shi (施鑫杰),China,1124
Jan Zych,Poland,1124
Bryan Eng,Australia,1123
Shangtong Fu (傅上桐),China,1121
Benjamin Warry,Australia,1121
Daniel Tidsey,United Kingdom,1121
Tyler Williams,Australia,1120
Harry Savage,United Kingdom,1120
Mingze Yang (杨明泽),China,1118
Oscar Watson,Australia,1117
Annika Stein,Germany,1113
Ben Wakelin,Australia,1111
Christopher Chi,USA,1109
Zhiyuan Ma (马之元),China,1109
Rasmus Stub Detlefsen,Denmark,1108
Leo Millar,Australia,1105
Rick Hamburger,Netherlands,1105
Leo Min-Bedford,Canada,1105
Krystian Załuski,Poland,1104
Carter Kucala,USA,1102
Vladislav Kozhin,Russia,1101
Noriyuki Okada (岡田典之),Japan,1101
Xiang Meng (孟响),China,1101
Wilhelm Kilders,Germany,1101
Eli Jay,United Kingdom,1100
Cian-Jyun Yang (楊謙君),Taiwan,1099
Brayden Wroten,USA,1098
Fabio Schwandt,United Kingdom,1097
Will Gurnett,Australia,1093
Daniel Rose-Levine,USA,1093
Lance Aguilar,Australia,1093
Christian Beemelmann,Germany,1091
Zhenyu Wang (王振宇),China,1091
Joe Davis,Australia,1089
Jasper Murray,New Zealand,1089
Junqi Feng (冯骏骐),China,1089
Magnus Søndergaard Byrne,Denmark,1089
Qijun Miao (缪其隽),China,1086
Lennon Hughes,Australia,1085
Alvaro Haidar Ersha,Indonesia,1084
Feliks Zemdegs,Australia,1083
Bartłomiej Krokos,Poland,1083
Yuxin Cai (蔡羽欣),China,1083
Qi Zhou (周祺),China,1083
Jayden McNeill,Australia,1083
Antonie Paterakis,Greece,1083
Ziran An (安子然),China,1083
Liangrong Ma (马良戎),China,1082
Brad Hoffman,USA,1082
Yanchen Zhu (朱彦臣),China,1081
Ilya Nazarov,Russia,1081
Jan Bentlage,Germany,1080
Zong-Xing Yang (楊宗興),Taiwan,1078
Naglis Peciulis,Lithuania,1077
Tom Wilkinson,United Kingdom,1077
Ben Stokes,United Kingdom,1076
Aleksandr Beznogov,Russia,1076
Alexey Tsvetkov,Russia,1075
Midas Kiebert,Netherlands,1072
Alex Maass,USA,1071
Simon Kellum,USA,1071
Zesheng Li (李泽生),China,1070
Thomas Schmidt,Denmark,1069
Linus Buck,Germany,1067
Thomas Tinlin,Australia,1067
Amy Smith,Australia,1066
Cory Yurkovic,USA,1066
Sora Sato,Australia,1066
Bill Hammill,United Kingdom,1065
Daniil Rublev (Даниил Рублёв),Russia,1065
Mantra Shukla,New Zealand,1065
Szymon Malinowski,Poland,1063
Zuzanna Kozicka,Poland,1063
Zack Hall,Australia,1063
Adrien Auvray Matyn,New Zealand,1063
Xuanwei Liang (梁轩玮),China,1062
Aston Culf,Australia,1060
Aiden Bartlett,USA,1059
Yiyang Chen (陈熠扬),China,1059
Siau Hong Da (蕭宏達),Malaysia,1058
Dmitry Gundin,Russia,1058
Tianze Xu (徐天泽),China,1057
Lev Golub (Лев Голуб),Ukraine,1057
Mykhailo Lagoida (Михайло Лагойда),Ukraine,1057
Joaquin Abarca,Canada,1056
Daniël Kassab,Netherlands,1056
Marcus Moberg,Sweden,1055
Lucas O'Connell,New Zealand,1054
Cale Schoon,USA,1054
Nils Thorben Lang,Germany,1051
Max Siauw,USA,1050
Yujia Wu (吴语嘉),China,1049
Maxim Ilin,Russia,1049
Joshua Hounslow,Australia,1049
Benjamin Grzesiak,United Kingdom,1048
Richard Yiheng Tao,New Zealand,1048
Henry Lichner,USA,1048
Conor Sullivan,Australia,1047
Drew Dickson,USA,1047
Jingbin Li (李晶斌),China,1047
Timothy Castle,USA,1045
Jude Lumley,Australia,1044
Loic Chiang,Singapore,1044
Guiyu Niu (牛桂煜),China,1043
Andy Gong,Australia,1043
Nguyễn Khang Minh,Vietnam,1042
Daniël Veldman,Netherlands,1042
Livia Kleiner,USA,1042
Bartosz Karpiński,Poland,1042
Patrick Kleverlaan,Australia,1042
Ashley Foster,New Zealand,1040
Ivan Polkanov (Иван Полканов),Russia,1039
Kai-Wen Wang (王楷文),Taiwan,1039
Ahmet Çınar Ablak,Turkey,1037
Orkun Efe Dahar,Turkey,1037
Simon Nammensma,Netherlands,1036
Benjamin Gottschalk,USA,1035
Wojciech Barciaga,Poland,1035
Martin Süß,Germany,1034
Tyler Robinson,USA,1033
Adam Marcellus Kelly,USA,1033
Aryeh Honig,USA,1033
Maxence Baudry,France,1032
Zeyu Hu (胡泽宇),China,1031
Daan Kusters,Netherlands,1030
Jiawei Zhang (张嘉伟),China,1029
Mingze Lin (林铭泽),China,1029
Koen van den Berg,Netherlands,1028
Andrey Che,Russia,1028
Milo Black,USA,1028
Alex Van Vugt,Australia,1027
Christopher Lau,United Kingdom,1027
Andrew Sherman,Australia,1027
Nachuan Sun (孙纳川),China,1026
Mikhail Kuzin,Russia,1026
Håvard Færden,Norway,1026
Alejandro Restrepo Echeverri,Colombia,1025
Edward Rust,Australia,1025
Elyas Eyou,New Zealand,1025
Xingkai Yin (尹星凯),China,1024
Lorenzo Mauro,Italy,1024
Conrad Fong,Australia,1024
Lachlan Stephens,Australia,1024
Sergey Marin (Сергей Марьин),Russia,1022
Bence Kiácz,Hungary,1021
Marcus Siu,United Kingdom,1021
Charles Downie,Australia,1020
Aleksey Zuev,Russia,1020
Aquila Janoschka,Australia,1020
Semen Artyukhov,Russia,1020
Linus Laurén,Finland,1019
Joel Cetra,Germany,1019
Ivo Stoutjesdijk,Netherlands,1018
Niko Ronkainen,Finland,1018
Zhao-Zhe Zhong (鍾肇哲),Taiwan,1018
Zhengkai Xu (徐正凯),China,1018
Charlie-George Shadbolt,United Kingdom,1018
Can Ersoy,Turkey,1017
AJ Kamal,USA,1016
Simon Jansson,Sweden,1015
Xi Tan (谭熙),China,1014
Riley Norrid,USA,1014
Carlos Méndez García-Barroso,Spain,1013
Rui Ma (马睿),China,1012
Andrew Bae,USA,1012
Ekaterina Kaneva,Russia,1011
Selim Sungur,Turkey,1011
Luke Van Laningham,USA,1011
Marco Rota,Italy,1011
Jack Pfeifer,USA,1011
Anthony Lafourcade,France,1011
Isaac Langer,USA,1010
Oliver Castledine,United Kingdom,1010
Dmitry Matthew Yaquinto,Russia,1009
Grigoriy Barashkin,Russia,1009
Chan Hui Tung (陳許瞳),Hong Kong,1008
Nikolai Gomelchuk,Russia,1008
Aneurin Hunt,New Zealand,1007
Ole Meindersma,Netherlands,1006
Yunke Zhang (张云柯),China,1006
Harry Owen,United Kingdom,1006
Mihail Stoicescu,Romania,1006
Daniel Fraser,New Zealand,1006
Brian Johnson,USA,1006
Charlie Eggins,Australia,1005
Oleksandr Savchyn,Ukraine,1005
Brian Nguyen,Australia,1005
Mustafa Berke Özcan,Turkey,1003
Lianhao Zhu (褚连皓),China,1003
Nicholas Paul,Australia,1003
Brandon Harnish,USA,1003
Ho Hsieh (謝合),Taiwan,1003
Hassan Khanani,USA,1002
Calven Lipec,Australia,1002
Laura Holzhauer,Germany,1002
Joey Saia,USA,1001
Jingyang Zhang (张敬阳),China,1001
David Epstein,Australia,1001
Kasper Koster,Netherlands,1001
Alexander Bashutkin,Russia,1000
Łukasz Dubicki,Poland,1000
Jay Calter,Australia,1000
Caleb Hall,New Zealand,999
Mikhail Glazov (Михаил Глазов),Russia,998
Vadzim Smirnou,Belarus,998
Knut Skaug Haraldsen,Norway,997
Zaky Kurnia Falah,Indonesia,997
Tong Wang (王瞳),Taiwan,996
Luca Stalpers,Netherlands,995
Patrick Fischer,USA,994
Jacob Chambers,United Kingdom,994
Nikolay Golovenko,Russia,993
Emir Yusuf Çiçekdemir,Turkey,993
Jakub Grzybowski,Poland,992
Marianna Bondi,Italy,992
Tom Noble,Australia,992
Lucas Déglise,France,991
Asher Kim-Magierek,USA,991
Zayd Chaudhry,Australia,991
Roman Shilov (Роман Шилов),Russia,990
Maciek Skowroński,Poland,990
Ihor Kastranets (Ігор Кастранець),Ukraine,990
Ilya Sokolov,Russia,990
William Klauer,USA,990
Xinyun Chen (陈新运),China,990
Kyle Santucci,Canada,989
Zeke Miller,USA,989
Yuhang Sun (孙煜航),China,989
Dawid Wójcik,Poland,988
Yue Gao (高越),China,988
Urho Kinnunen,Finland,988
Tommy Kiprillis,Australia,987
Gilbert Glogan,United Kingdom,987
Luke Garrett,USA,987
Nikodem Tomaszuk,Poland,987
Owen Widdis,USA,987
Clément Cherblanc,France,986
Tanay Singh,Australia,985
Ethan Erez,Canada,985
Chongshun Li (李崇顺),China,985
José David Rendón Martínez,Colombia,985
Oliver Hoy,Australia,984
Stian Nystad Østli,Norway,984
Yee Wen Foo,Malaysia,984
Wiktor Zegadło,Poland,984
Yibo Wang (王奕博),China,984
Max Walaszek,USA,984
Kaloyan Galabinov,Bulgaria,984
Dominik Fürer,Switzerland,983
Ianis Costin Chele,Romania,983
Dmitry Melnikov (Дмитрий Мельников),Russia,982
Edward Vakula,USA,982
David Pearce,Australia,982
Michał Rzewuski,Poland,981
Thomas Heiden,Austria,981
Liam Wadek,New Zealand,980
Serhii Fedorniak (Сергій Федорняк),Ukraine,980
Rūdolfs Vīnkalns,Latvia,980
Leon Marcell Alamanda,Indonesia,979
Pavel Eroshkin (Павел Ерошкин),Russia,979
Christian Smedegaard,Denmark,979
Srijan Datta,India,979
Mitchell Lane,USA,979
Dylan Cossin,USA,979
Federico Da Fonseca,Argentina,979
Ataberk Şencan,Turkey,978
Yuxuan Zhou (周宇轩),China,977
Dániel Székely,Hungary,977
Thijs Rijsdijk,Netherlands,976
Paul Mahvi,USA,976
Andy Denney,USA,976
Leeah Gard-Spaulding,Australia,976
Berk Rende,Turkey,975
Jonathan O'Neill,Australia,975
Robert Alden,United Kingdom,975
Zhaohong Huang (黄兆鸿),China,975
Hongxi Wang (王洪熙),China,975
Kajetan Opach,Poland,974
Alex Hirschhorn,Australia,974
Ryan Pilat,USA,974
Azizah Nur Hayati,Indonesia,973
Serdar Özdemir,Turkey,973
David Gálvez,El Salvador,973
Evan Liu,USA,973
Chenchang Yang (杨宸畅),China,972
Alexander Vujcich,New Zealand,972
Zicheng He (贺子程),China,972
Parker Trager,USA,972
Abhinav Govindaraju,USA,971
Witold Brzeziński,Poland,971
Olivier van Luijk,Netherlands,971
Marat Karimov (Марат Каримов),Russia,970
Wojciech Weremczuk,Poland,970
Maksim Demchenko (Максим Демченко),Russia,970
Andreas Jensen Forsgren,Norway,970
Shao-Heng Hung (洪紹恆),Taiwan,969
Szabolcs Szántai,Hungary,969
Aiden Chan,Canada,969
Peixuan Shi (时培轩),China,969
Ainesh Sevellaraja,Malaysia,969
Ruben Fino,Australia,969
Nicholas Patterson,Canada,969
Josephine Siburian,Australia,969
Davis Pogor,USA,968
Revan Rajahmoney,Australia,968
Walter Duff,Canada,968
Tomáš Nguyen,Vietnam,968
Lucas Maillard,France,968
Grzegorz Chudzik,Poland,967
Gjorgji Cheshmedjievski,North Macedonia,967
Robert Morris,United Kingdom,967
William Jensen,Sweden,967
Matthew Cook,Australia,967
Oleksandr Seniuk (Олександр Сенюк),Ukraine,966
Matic Omulec,Slovenia,966
Kyle Van Straaten,Canada,966
Moksh Patel,India,966
Caleb Kearney,USA,965
Darya Belonogova,Russia,965
Nicolas Gertner,France,964
Yunqi Ouyang (欧阳韵奇),China,964
Duncan Butcher,Australia,964
Matt Lee,USA,964
Yinhao Ding,Australia,964
Yoav Eynon,Australia,963
Marco Giordano,Italy,963
Elijah Brown,USA,963
Bruno Di Renzo John,Germany,963
Michael Larsen,USA,963
Jacob Turrubiartes,USA,963
Burak Erdil Biçer,Turkey,962
Iurii Chesnokov (Юрий Чесноков),Russia,962
Charles Jerome,USA,962
Ben Baron,Israel,962
Hargun Singh Tikku,India,962
William Niewand,Australia,962
Myles Jarman,Australia,961
Xinyang Li (李昕洋),China,961
Marcus Kamen,USA,961
Zeke Mackay,USA,961
Jack Bellomy,USA,961
Daniel McDonald,Australia,961
Joy Liou Liu (刘丽欧),China,961
Jiazhou Li (李佳洲),China,961
Artem Barlyak (Артём Барляк),Russia,961
Matthew Sieredzinski,Australia,961
Adarsh Natarajan,Australia,961
Nikhil Soares,India,960
Vaibhav-Jai Ravipati,Australia,960
Slavomil Voloskov (Славомил Волосков),Russia,960
Aleksandra Lukianova (Александра Лукьянова),Russia,960
Joaquin Ruenes Hernández,Mexico,960
Ricky Zhang,Australia,960
Igor Kolosov (Игорь Колосов),Russia,960
Ilya Epifanov,Russia,960
Anqi Yu,Bulgaria,959
Danila Dubovik,Belarus,959
Harrison O'Reibow,New Zealand,959
Tommy Cherry,USA,959
Jusun Choi (최주선),Korea,959
CJ Sheng,USA,958
Derek White,USA,958
Ethan Pride,Australia,958
David Vujasić,Croatia,957
Xujia Lei (雷旭嘉),China,957
Kacper Grzelakowski,Poland,957
Luca Spataro,USA,957
Antto Pitkänen,Finland,957
Przemysław Rogalski,Poland,957
Kobe Balin,USA,957
Myles Segal,Australia,956
Vincent Hartanto Utomo,Indonesia,956
Nafi Aryasatya,Indonesia,956
Arseniy Dyachenko,Russia,956
Ryan Wu,Canada,956
Melisa Şen,Turkey,956
Fabian Browa,Germany,955
Alexander Botz,Germany,955
Wouter Komduur,Netherlands,954
Qingze Li (李庆泽),China,954
Roman Ponikarovskiy,Russia,954
Shrijan Pal,India,953
Sean Moran,United Kingdom,953
Joey Stahl,USA,953
Diego Alfonso,France,953
Manuel Prieto de Antón,Spain,953
Benjamin Pugh,USA,952
Chase Karr,USA,952
Toby Dixon,New Zealand,952
Jensen Belen-Brown,Canada,952
River Fletcher,Australia,951
William Gan Wei Ren (颜伟仁),Malaysia,951
Joshua Tekwie,Papua New Guinea,951
Yannic Waser,Switzerland,951
Yifan Chen (陈一凡),China,951
Krish Shah-Nathwani,USA,951
Yue Xin (辛岳),China,951
Jose Ortiz Jr.,USA,951
Simon Praschl,Austria,951
Artem Kulikov (Артём Куликов),Russia,950
Eli Jacobsson,Australia,950
Arhaan Sareen,Canada,950
Adriel Wiebe,USA,950
Jaime Calzado Gomez,Spain,950
Sameer Aggarwal,USA,949
Alan Ranie,Australia,949
Gleb Ponomarev (Глеб Пономарев),Russia,949
Ivan Lobutev (Иван Лобутев),Russia,949
Zhuoer Zhang (张卓尔),China,949
Ng Jia Quan (黄佳铨),Malaysia,949
Tom Salmon,United Kingdom,948
Mikaela Davidson,New Zealand,948
Luke Robles,USA,948
Joe Labas,Australia,948
Young He (何嘉炀),China,947
Sebastian Bock,Australia,947
Ewan Geertson,New Zealand,946
Anton Kraev,Australia,946
Jack Stewart,USA,946
Stepan Anisimov (Степан Анисимов),Russia,946
Menghao Zhao (赵梦豪),China,946
Dylan Baumbach,USA,946
Firstian Fushada (符逢城),Indonesia,946
Yinghao Wang (王鹰豪),China,946
Ulrik Bredland,Norway,946
Tom Stanton-Barnett,New Zealand,946
Owen Rair,USA,946
Tobias Peter,Switzerland,946
Shek Ho Hin (石灝軒),Hong Kong,946
Zayabaatar Batbayr,Mongolia,946
Ege Onat Ünlüer,Turkey,946
Lorenzo Layug,Philippines,946
Josiah Freudigmann,Australia,945
Kirby Jay Caragan,Philippines,945
Mannessah Kani,Australia,945
Aaron Huynh,USA,944
Zheyu Zhang (张哲宇),China,944
Adam Jagła,Poland,944
Tyler Johnson,USA,944
Ofek Egozi,Israel,944
Ethan Basanov,Canada,943
Luqman Hakim Bin Hairil Azli,Malaysia,943
Ray Zhang (张灏睿),Australia,943
Justin Choi,USA,943
Khavin Janarthana,India,943
Thomas Sonnenberg Jarner,Denmark,943
Arden Daniel Jacobson,USA,943
Sam Sieracki,Australia,943
AJ Le,USA,943
Lucas Buckley,Australia,942
Bhargav Narasimhan,India,942
Liam Brown,Australia,942
Tyler Buel,USA,942
Felicitas Eknigk,Germany,942
Helmer Ewert,Sweden,942
Oscar Liang,Australia,941
Ben Jantke,Australia,941
Thomas Lampe,Netherlands,941
Elian Beguec,France,941
Viktor Shmakov (Віктор Шмаков),Ukraine,941
Anton Uskov (Антон Усков),Russia,941
Caden Scott,USA,941
Jacob Nobili,USA,940
Fletcher Johns,New Zealand,940
Christian Manuel de Lange,New Zealand,940
Abhay Cheemalapati,USA,940
Kai-Lun Cheng (鄭凱倫),Taiwan,940
Yepeng Sun (孙叶芃),China,940
Maciej Brzeziński,Poland,940
Key Yu Wan,Brazil,940
Haochen Mei (梅皓臣),China,939
Jan van Dorst,Netherlands,939
Vladyslav Hryniuk (Владислав Гринюк),Ukraine,939
Jakub Hamkało,Poland,939
Mikhail Yasinsky,Ukraine,939
Tyler Howlett,USA,939
Pavel Mesyatsev,Russia,938
Burçak Bilge Başaranoğlu,Turkey,938
Xuyang Chen (陈徐洋),China,938
Igor Tarasov (Ігор Тарасов),Ukraine,937
Larry Shi,Canada,937
Maxim Brednev (Максим Бреднев),Russia,937
Cameron Miller,USA,937
Lucas Vojkovic,Australia,937
Gerard McGinley,Australia,936
Ben Zwicky,Switzerland,936
Tyler Kochy,USA,936
Leonardo Randacio,Italy,936
Dalibor Mrška,Slovakia,936
Andrey Mishin (Андрей Мишин),Russia,935
Jingpeng Wu (吴劲芃),China,935
Thomas Smith,Australia,935
Sergey Kharitonov (Сергей Харитонов),Russia,935
Diego Fraile,France,935
Eli Hickman,Australia,935
Guangda Liu (刘广达),China,934
Brandon Clare,USA,934
Yaroslav Usmanov (Ярослав Усманов),Kazakhstan,934
Eli Kirk,USA,934
Benjamin Riske,Australia,934
Dmitriy Truhin (Дмитрий Трухи́н),Russia,933
Rory Bailey,New Zealand,933
Marco Manno,Italy,933
Andres Rodriguez,USA,933
2021IANI01,Null,933
John Hornacek,USA,933
Alaik Bhatia,India,933
Vyacheslav Sizov,Russia,932
Emil Elghorn,Sweden,932
Mihai Căpăţinescu,Romania,932
Leo Z. Liu,Australia,932
Katie Davies,United Kingdom,931
Martin Fronescu,Romania,931
Francis Daniels Veğeris,Latvia,931
Maximus Ferrier,Australia,931
Chengda Ge (葛成达),China,931
Denniel M. Santos,Philippines,931
Muhammad Faeyza Koda,Indonesia,930
Michele Cavezza,Canada,930
Ruchen Xie (谢汝忱),China,930
Thomas Bennis,Netherlands,930
Alex Wheeler,USA,929
Piotr Tokarski,Poland,929
Cody Caston,Australia,929
Aedan Bryant,USA,929
Lucas Nieuwland,Canada,928
Mason Langenderfer,USA,928
RJ Gohn,USA,928
Oliver Lane,Australia,928
Daniel Heberg Jørgensen,Denmark,928
Luis Angel Huerta Barrales,Mexico,928
Harry Healey,Australia,928
Nathan Smith,USA,928
Christopher Hinkle,USA,928
Emmet Hobbs,Australia,928
Luke Heath-Edwards,New Zealand,928
Shangfeng Li (李尚峰),China,927
Ian Southa,USA,927
Emilio Alberto Rodríguez Jiménez,Mexico,927
Minn Aung,Australia,927
Sean Hartman,USA,927
Abhishek Krishnan Gopal Ramshanker,India,927
Jinseo Hong,Korea,927
Amelie Dieterich,Germany,926
Jaylen Zhang,Canada,926
Alexey Kislovskiy,Russia,926
Finn van der Maas,Netherlands,926
Braden Richards,USA,926
Ben Kirby,New Zealand,926
Jeff Miao,China,926
Hannah Minas,Switzerland,925
Pavel Galaktionov,Russia,925
Wojciech Piórczyński,Poland,925
Jukka Geisler,Germany,925
Aayush Mishra,India,925
Luke Marsh,Australia,925
William Barlow,New Zealand,925
Matteo Dummar,Italy,925
Calvin Nielson,USA,925
Amos Nordman,Finland,925
Anthony Qi,Australia,924
Yubo Ji (纪宇博),China,924
Xianglong Gao (高向龙),China,924
Owen Brooks,USA,924
Héctor Haro Guerrero,Spain,924
Malte Oliver Bøgh Kjøller,Denmark,924
Avshalom Sharavani,Israel,924
Costea Livadari,Moldova,924
Liam Pipia,Australia,924
Alexander Karlov,Sweden,923
Viggo Fröcklin,Sweden,923
Andrey Korotayev (Андрей Коротаев),Russia,923
Zijian Cai (蔡子健),China,923
Baden Forster,Australia,923
Mattia Furlan,Italy,923
August Lancaster,USA,923
Nicholas Bezzerides,USA,923
Aaron Paskow,USA,923
Sören Jaan Handschuch,Germany,923
Albin Thim,Sweden,923
Mohammed Aiman Koli,India,923
Marquez Phan,Australia,922
Einar Kvam Lundberg,Norway,922
Calum Visagie,South Africa,922
Matthew Karl Reyes,Australia,922
CJ York,USA,922
Nikita Starodubov,Belarus,922
Ziqi Ding,China,921
Peter Greninger,USA,921
Davide Arnesano,Italy,921
Lev Aronov,Russia,921
Alyssa Bernardo,USA,921
Caden Hubbell,USA,921
Thomas Ryerson,USA,921
Dennis Bolaños,El Salvador,920
Adam Chodyniecki,Poland,920
Li-Zhi Findhammer,Netherlands,920
Nikhil Lal,India,920
Machiel van Loon,Netherlands,920
Jake M. Hanson,USA,919
Isaac Nuon,USA,919
Jack Hinz,Australia,919
Titus Sutterfield,USA,918
Henry Luo,Australia,918
Yuheng Su (苏昱衡),China,918
Hongyi Yu (余泓邑),China,917
Cameron Jones,United Kingdom,917
Sebastian Williams,United Kingdom,917
Ilia Vakulenko,Russia,917
Yongtao Sun (孙永涛),China,917
Ram Thakkar,India,917
Samuel Fang,USA,917
Jake Buckley,USA,917
Hannes Müller,Germany,917
Aaron Spiller,Australia,916
Hayden Ng,Australia,916
Xinyu Li (李欣宇),China,916
Benjamin Blaikie,New Zealand,916
Wojciech Knott,Poland,916
Jungwoo Ha (하정우),Korea,916
Stepan Makarenko,Russia,916
Hong Seungbin,Korea,916
Jordan Nguyen,USA,916
Rami Sbahi,USA,916
Damir Shikhiev (Дамир Шихиев),Kazakhstan,915
Dmitry Permyakov (Дмитрий Пермяков),Russia,915
Sarina Wang,New Zealand,915
Krzysztof Boguszewski,Poland,915
Ahmet Nadir Yücekaya,Turkey,915
Valeriia Volova (Валерія Волова),Ukraine,915
Yuxuan Wu (吴雨轩),China,915
Michael Nielsen,USA,915
Konrad Leśniak,Poland,915
Aaron Mills,Australia,915
Eli Panetta,Australia,914
Chris Yoder,USA,914
Christian Gebrael,Australia,914
Rhys Rogan,Australia,914
Ethan Chen,Canada,914
Alex Patti,Australia,914
Jakob Fiechter,Austria,913
Aakash Jois,Australia,913
Lincoln Pearce,Australia,913
Ethan Hickman,Australia,913
Robin Verstraten,Netherlands,913
Andrea Thull,Luxembourg,913
Dmitriy Kukuev,Russia,913
Tucker Chamberlain,USA,913
Wyatt Idell,USA,913
Zishuo Zhang (张子硕),China,912
Joel Potter,New Zealand,912
Acar Gök,Turkey,912
Arghadeep Mukherjee,India,912
Levi Gibson,USA,912
Jiming Ran (冉济铭),China,912
Jiashuo Xie (谢佳烁),China,912
Charlie Stark,United Kingdom,912
Wojciech Kotulski,Poland,911
Dagne Poveda,Costa Rica,911
Oliver Thompson,USA,911
Hao Xiang (向浩),China,911
Vincent Contini,Australia,911
Peter Grassard,France,911
Vincent Chen,USA,911
Oscar Nieto,Colombia,911
Alexander Chieng,Australia,911
Zexin Wang (王泽鑫),China,910
David Ju,USA,910
Siyi He (何思仪),China,910
Eli Disbrow,USA,910
Han-Lin Wu (吳翰霖),Taiwan,910
Andrew Y. Feng,USA,910
Vilius Ribinskas,Lithuania,910
Lucas Buck,New Zealand,910
Charlie van Ooran,Australia,910
Pierre Morice-Le Moel,France,910
Jonas Senga,Australia,909
Ruimin Yan (颜瑞民),China,909
William Callow,United Kingdom,909
Kristina Kostova,Bulgaria,909
Andre Nguyen,Australia,909
Alex Kuepper,USA,909
Eduardo Antonio Lara Martínez,Mexico,909
Ke Wang (王轲),China,909
Samuel Weber,USA,909
Vladimir Vasiliev (Владимир Васильев),Russia,909
Huston Vu-Duc,Russia,909
Oliver Michael Sitja Sichel,USA,908
Jianyu Wang (王建宇),China,908
Chengyang Song (宋成阳),China,908
Naren Ramesh,India,908
Vaishakh Kargudri,India,908
Mateusz Gołaś,Poland,908
Kaigan Yu (俞凯淦),China,908
Dylan Beetge,Australia,908
Zac Graham,Australia,908
Davelno Danish Raziq,Indonesia,908
Benjamin Verinder,USA,908
Saavar Bajaj,Australia,908
Shmulik Kachuriner,Israel,907
Abdullah Eddaifi Hussain,Sweden,907
Joanna Hołdakowska,Poland,907
Paweł Duraj,Poland,907
Dominic Cater,USA,907
Yonghao Xu (徐永浩),China,907
Wiktor Lutowski,Poland,907
Jingxuan Ma (马靖轩),China,907
Anderson Fielding,USA,907
Natthaphat Mahtani (ณัฐภัทร จี มาทานี),Thailand,907
Izan Cantero Herrera,Spain,906
Anthony Trairattanasirikul,Australia,906
Jack McDougall,New Zealand,906
Karam Al-Robaie,United Kingdom,906
Amogh Prashanth,India,906
Yong Chen (陈勇),China,906
Imants Liepiņš,Latvia,906
Roan Paone,Canada,906
Liam Highducheck,Australia,906
Heath Maxwell Kean,Australia,906
Xavier Evans,New Zealand,906
Noah Melita,USA,906
Marcel Nycz,Poland,905
Callum Hales-Jepp,United Kingdom,905
Yu-Hsuan Chang (張祐瑄),Taiwan,905
Matvey Bannikov (Матвей Банников),Russia,904
Kasper Warberg Borg,Denmark,904
Tyler Dipper,New Zealand,904
Oliver Fritz,Germany,904
Liam Heimann,Australia,904
Litao Hao (郝立涛),China,904
Aleksa Perušinović,Bosnia and Herzegovina,904
Yiran Peng (彭弈然),China,904
Justin Barker,USA,904
Ashton Wheeler,Australia,904
Vladimir Tikhonenko (Владимир Тихоненко),Russia,904
Ryan Bernardo,USA,904
Harry Shaw,USA,904
Dongheon Ryu (류동헌),Korea,904
Xuyan Huang (黄绪琂),China,903
Soul Gerdsen-Jensen,Australia,903
Rafael Fellmann,Germany,903
Guangtao Zhang (张广韬),China,903
Joshua Benjamin,New Zealand,903
Ruslan Kazin (Руслан Казин),Kazakhstan,903
Haibo Sui (隋海波),China,903
Ivan Coțiubinschii,Moldova,902
Anthony Montes,USA,902
Daniel Pavelich,USA,902
Nicolas Harper,USA,902
Luke Burong,Australia,902
Anton Mikhailik (Антон Михайлик),Russia,902
Daniel Ahokas,Canada,902
Robert Yau,United Kingdom,902
Alvar Nylén,Sweden,902
Kymberlyn Calderon,USA,902
Lucas Kuczaj,Canada,902
Tijmen van der Ree,Netherlands,901
Nguyễn Nhật Minh,Vietnam,901
Zee Capangpangan,Philippines,901
Zachary Tang,Australia,901
Toby Seufert,Australia,901
Levente Fejes-Nagyfejeő,Hungary,901
Phạm Đức Phước,Vietnam,901
Ivan Bogdan,Belarus,901
Jonatan Kłosko,Poland,900
John Colacarro,USA,900
Andrew Tyberg,USA,900
Alexander Hubbard,Australia,900
Alan Galym (Алан Галым),Kazakhstan,900
Leo Annett,USA,900
Nixin Wong,USA,900
Tianyu Sun (孙天宇),China,900
Katie Hull,USA,900
Bhavya Goyal,India,899
Luca Brasini,Italy,899
Vyacheslav Kochergin (Вячеслав Кочергин),Russia,899
Milhouse Gibbons-Paul,United Kingdom,899
Jonathan Brugge,Netherlands,899
Dougal Merriman,New Zealand,898
Will Russo,USA,898
Dakota Akarlilar,USA,898
Patryk Grosiak,Poland,898
Oliwier Tkaczyk,Poland,898
Eric Pesci,USA,898
Zachary Miller,USA,898
Kaiyang Gao (高凯阳),China,898
Ivaylo Ivaylov Vichev,Bulgaria,898
Ben Mitchell,New Zealand,897
Lauren Phung,USA,897
Veenayak Bhola,India,897
Maheran Chowdhury,Australia,897
Danylo Harbar (Данило Гарбар),Ukraine,897
Clara Lafourcade,France,897
Carter Carson,USA,897
Yunqi Liu (刘云起),China,896
Attilio Buttiglione,Italy,896
Luke Seah,Australia,896
Alimzhan Kenesbek (Алимжан Кенесбек),Kazakhstan,896
Francisco Moraes Mandalozzo,Brazil,896
Alexei Sinyavin,USA,896
Jinxu Li (李锦煦),China,895
Egor Gushchin,Russia,895
Chris Deng,USA,895
Till Piwko,Germany,895
Sicheng Gu (顾思成),China,895
Jakub Chwaściak,Poland,895
Isaac McNeal,USA,895
Nitin Nathan,USA,895
Zachary Ochs,USA,895
Heinrich de Lange,South Africa,895
Jakub Tkaczyk,Poland,895
Adam Nizamani,Canada,895
Connor Nicholson,New Zealand,895
Sirun Wu (吴思润),China,894
Mihály Horváth,Hungary,894
Metin Karagus,Netherlands,894
Mikhail Chernobrivets (Михаил Чернобривец),Russia,894
Danil Truhin (Данил Трухи́н),Russia,894
Nikolay Vasilyev,Russia,894
Benjamin Walker,Australia,894
Vladislav Shurshilin,Russia,894
Pavlo Bondar (Павло Бондар),Ukraine,893
Jason White,USA,893
Josef Matijevic,Australia,893
Sameer Sethuram,USA,893
Zhiyu Qian (钱治宇),China,893
Henry Eyles,New Zealand,893
Henry Kolstad,USA,893
Bowen Wan (万博文),China,893
Sukant Koul,India,893
Jack Muller,Australia,893
Tais Storm Andersen,Denmark,893
Fabian Andrey Montenegro Barrero,Colombia,893
Hans Lin,Australia,892
Xuankai Zhang (张轩恺),China,892
Emily Warry,Australia,892
Alexander Markoulis,USA,892
Szymon Jeziorski,Poland,892
Gergely Novotni,Hungary,892
Farhan Tanvir Fahim,Bangladesh,892
Boris Monakhov,Russia,892
Noah Aaron Pearson,Australia,892
Yizhuo Yan (严一卓),China,892
Ben Callender,USA,892
Andrew Chai,Australia,892
Simon Pfahler,Germany,891
Jaemin Chang (장재민),Korea,891
Kenneth Tran,Norway,891
Wojciech Kisała,Poland,891
Alwin Rölz,Switzerland,891
Gerson Natanael,Indonesia,891
Pol Juny Sánchez,Spain,891
Nicolae Pojar,Moldova,891
Braden Mount,USA,890
Jimmy Tran,USA,890
Mason Day,Canada,890
Yap Di Sheng,Malaysia,890
Zhenghan Jiao (焦峥涵),China,890
Jay Lewis,USA,890
James Rahman,New Zealand,890
Aamir Saifee,India,890
Liav Bengayev,Israel,889
Wei-Yu Zhen (詹惟宇),Taiwan,889
Muhammad Rafly,Indonesia,889
Cody Driver,Australia,889
Tristan Chua Yong,Singapore,889
Max Abramoff,Sweden,889
Jesús Jorge García López,Mexico,889
Kyeongmin Choi,Korea,889
Nikita Popkov,Russia,889
Sarah Young,USA,888
Theodore Mather,United Kingdom,888
Doruk Dokurer,Turkey,888
Alexander Tosting,Sweden,888
Preston Duke,USA,888
Charlie Zurowski,USA,888
Zahar Lugovetc,Russia,888
Ian Holmes,Netherlands,887
Peyton Tumy,USA,887
Yintao Wu (吴洇滔),China,887
Raymond Castillo,USA,887
Ali Rıza Kulaksız,Turkey,887
Lianghai Sui (眭亮海),China,887
Dan Tran,USA,887
Paxton Bennison,Australia,887
Max Chan,USA,887
Sam Buchanan,USA,886
Alan Siburian,Australia,886
Leo Lindqvist,Sweden,886
Nicholas Gray,Australia,886
Lucas Chung,Australia,886
Levi Benjamin Matara-Ng,Australia,886
Basil Schumacher,Switzerland,886
Nguyễn Tiến Đạt,Vietnam,886
Connor Sherrin,Australia,886
Evgeniy Mazhara,Russia,886
Mátyás Ondok,Hungary,886
Chengxiang Cui (崔程翔),China,885
Vladimir Ilin (Владимир Ильин),Russia,885
Stefan Nikolovski,Australia,885
Stephen Waller,United Kingdom,885
Conlan Trace,USA,885
Yibo Peng (彭奕博),China,885
Jordan Isaac Rakoia,Australia,885
Akshaansh Chilakapati,India,885
Trần Đăng Quang,Vietnam,884
Michał Mlostek,Poland,884
Milan van Wanrooij,Netherlands,884
Jack Amarbat,New Zealand,884
Caio Hideaki Sato,Brazil,884
Jash Tejas Shah,India,884
Daniel Wiseman,Australia,884
Marcin Stachura,Poland,884
Pedro Giuseppe Garcia Milla,Peru,884
Alessandro Nicolì,Italy,884
Stanley Nerkowski IV,USA,884
Amarsanaa Enkhbaatar,Mongolia,883
Ebony Chapman,Australia,883
Psyron Eubert Catral,Philippines,883
Ethan Stevens,Australia,883
Aleksandra Veshkurtseva,Russia,883
Noah Wilde,Canada,883
Mark Semivolkov (Марк Семиволков),Russia,883
Dias Murzalin (Диас Мурзалин),Kazakhstan,883
William Grooms,USA,883
Zhengyi Zhang (张政一),China,883
Gen Mogami,New Zealand,883
Luca Ruberto,Australia,883
Kerry Creech,USA,883
Yuhang Zhang (张宇航),China,882
Jeremy Collins,USA,882
William Moulden,Australia,882
Leon Alexander Götze,Germany,882
Kerem Düzgün,Turkey,882
Benjamin Reynolds,Australia,882
Ciarán Beahan,Ireland,882
Vladyslav Zhydkov (Владислав Жидков),Ukraine,882
Tan Kwan Yang,Malaysia,881
Andrew Tan Jing Bang,Singapore,881
Samuel Park,New Zealand,881
Jiayang Tang (唐嘉阳),China,881
Michael Alexander,Australia,881
Yuhao Sun (孙雨昊),China,881
Nikita Piialtcev,Russia,881
Ashton Lucas True,New Zealand,881
Yifan Wang (王逸帆),China,881
Kutay Temel,Turkey,881
Askar Shakhman (Аскар Шахман),Kazakhstan,881
Alexey Yarygin,Russia,880
Daniel Steen Kjosnes,Norway,880
Heorhii Biron (Георгій Бірон),Ukraine,880
Arush Singh,India,880
Maksymilian Kulas,Poland,880
Adrian Tadulan,Philippines,880
Dmitrii Vershinin (Дмитрий Вершинин),Russia,880
Charles Ramos,USA,880
Ryan Koralalage,Sri Lanka,880
Yoo-chan Hong (홍유찬),Korea,880
Yunchu Wang (王云楚),China,879
Valerio Colapinto,Italy,879
Bùi Minh Đức,Vietnam,879
Jake Pearce,Australia,879
Christian König,Germany,879
Gabriel Gorton,Australia,879
Lewis Garthwaite,USA,879
