name,country,sq1
Michał Krasowski,Poland,1246
Tim Xie,New Zealand,1225
David Epstein,Australia,1197
Jakub Hamkało,Poland,1158
Mateusz Szulik,Poland,1152
Alessandro Ricci,Italy,1144
Max Siauw,USA,1129
Lucas O'Connell,New Zealand,1115
Magdalena Pabisz,Poland,1115
Dwyane Ramos,New Zealand,1104
Yi-Ho Hsueh (薛以和),Taiwan,1095
Adrien Auvray Matyn,New Zealand,1094
Ethan Erez,Canada,1087
Oliver Sherlock,Poland,1080
Jiazhou Li (李佳洲),China,1074
Benjamin Gottschalk,USA,1072
Shih-Hao Wang (王士豪),Taiwan,1069
Jode Brewster,Australia,1068
Xuechao Zhang (张学超),China,1065
Andy Gong,Australia,1056
Hannes Müller,Germany,1055
Rasmus Stub Detlefsen,Denmark,1051
Jonathan Charlesworth,Australia,1051
Makoto Takaoka (高岡誠),Japan,1050
Lucas Déglise,France,1044
Tang-Kai Huang (黃堂愷),Taiwan,1044
Christopher Chi,USA,1041
Mikołaj Tyra,Poland,1041
Witold Sołtysik,Poland,1038
Tijmen van der Ree,Netherlands,1037
Daniel Karnaukh,USA,1036
Aiden Bartlett,USA,1035
Eva Kato,USA,1034
Nolan Yiu,USA,1033
Zhiquan Li (李志权),China,1031
Zhenyu Wang (王振宇),China,1031
Szabolcs Szántai,Hungary,1030
Ng Jia Quan (黄佳铨),Malaysia,1030
Marcus Siu,United Kingdom,1028
Matteo Dummar,Italy,1027
Lee Stanton-Barnett,New Zealand,1025
Jackey Zheng,USA,1024
Vincent Chan,Netherlands,1024
Firstian Fushada (符逢城),Indonesia,1024
An Li (李安),China,1023
Noah Swor,USA,1021
Charlie Stark,United Kingdom,1021
Stepan Makarenko,Russia,1020
Cian-Jyun Yang (楊謙君),Taiwan,1020
Martin Vædele Egdal,Denmark,1019
Brandon Lin,USA,1019
Will Gurnett,Australia,1019
Aneurin Hunt,New Zealand,1017
Chan Hui Tung (陳許瞳),Hong Kong,1017
Remo Pihel,Estonia,1014
Calix Tang,USA,1013
Ashley Foster,New Zealand,1013
Chris Mills,United Kingdom,1010
Łukasz Dubicki,Poland,1010
Lorenzo Mauro,Italy,1006
Malte Ihlefeld,Germany,1006
Szymon Grodzki,Poland,1005
Lev Golub (Лев Голуб),Ukraine,1004
Tristan Chua Yong,Singapore,1004
Dawid Wójcik,Poland,1004
Antonie Paterakis,Greece,1003
Jack McDougall,New Zealand,1002
Daniel Tidsey,United Kingdom,998
Tommy Cherry,USA,996
Angeline Wijaya (黃千儀),Indonesia,996
Cory Yurkovic,USA,995
Timothy Castle,USA,995
Zhibo Xuan (禤志博),China,995
Samuel Fang,USA,994
Jonathan O'Neill,Australia,994
Michael Young,USA,993
Rafael Chowindra,Indonesia,992
Vladimir Tikhonenko (Владимир Тихоненко),Russia,990
Ian Southa,USA,989
Feliks Zemdegs,Australia,989
Sora Sato,Australia,989
Jakub Bojanowski,Poland,989
Jan Zych,Poland,989
Tatsuya Kusanagi (草彅達也),Japan,986
Naglis Peciulis,Lithuania,985
Tommy Szeliga,USA,983
Noah Wilde,Canada,983
Tommy Kiprillis,Australia,983
Zachary Ochs,USA,981
Yepeng Sun (孙叶芃),China,981
Oliver Castledine,United Kingdom,978
Joshua Hounslow,Australia,976
Maksymilian Misiak,Poland,976
Ho Hsieh (謝合),Taiwan,975
Livia Kleiner,USA,975
Kajetan Opach,Poland,974
Marquez Phan,Australia,973
Sergey Nepushkin (Сергей Непушкин),Russia,973
Joel Cetra,Germany,972
Jack Stewart,USA,971
Łukasz Stępień,Poland,970
Rui-Jun Liu (劉睿鈞),Taiwan,970
Michael Alexander,Australia,969
Rick Hamburger,Netherlands,966
Benjamin Grzesiak,United Kingdom,965
Simone Canova,Italy,964
Kacper Paweł Dworak,Poland,964
Calvin Nielson,USA,964
Christopher Yen,USA,963
Vincent Chen,USA,963
Alexander Vujcich,New Zealand,963
Alexander Helbok,Austria,963
Josephine Siburian,Australia,963
Holden Johnson,USA,961
Brandon Harris,New Zealand,961
Flavio Rimi,Italy,961
Yunhao Lou (娄云皓),China,960
Wang Ma (马旺),China,959
Nicholas Daneshvari,USA,959
Edward Rust,Australia,959
Gerard McGinley,Australia,958
Kevin Gerhardt,Germany,957
Waldemar Sundin,Sweden,956
Ryan Yasinko,Canada,955
Parker Trager,USA,955
Simon Kellum,USA,954
Piotr Olszewski,Poland,954
Kyeongmin Choi,Korea,954
Hassan Khanani,USA,953
Brayden Wroten,USA,953
Darren Siew Ee Yaang (蕭奕暘),Malaysia,952
Ainesh Sevellaraja,Malaysia,952
Caleb Clark,Australia,952
Ilya Nazarov,Russia,952
Andrey Che,Russia,950
Hazel Moises Ruiz Gutierrez,Mexico,950
Diego Alfonso,France,950
Sameer Aggarwal,USA,950
Jack Pfeifer,USA,949
Michał Halczuk,Poland,949
Joe Labas,Australia,949
Boris Lont,Netherlands,949
Grigoriy Barashkin,Russia,949
Fabio Schwandt,United Kingdom,948
Leo Hock-Morris,Australia,948
Marco Rota,Italy,947
Matthew Lee,Canada,947
Ethan Stevens,Australia,947
Bence Kiácz,Hungary,946
Cale Schoon,USA,945
János Bereczki,Romania,945
Nicolas Harper,USA,944
Wei-Chen Hsieh (謝維宸),Taiwan,944
Luke Garrett,USA,943
Camerone Chin,New Zealand,942
Kerry Creech,USA,941
Carter Kucala,USA,941
Alexander Bashutkin,Russia,940
Hector David Martinez Argaez,Colombia,940
AJ Kamal,USA,939
Krish Shah-Nathwani,USA,937
Jakob Gunnarsson,Sweden,937
Daniel Vædele Egdal,Denmark,936
Po-Hsien Ou (歐柏賢),Taiwan,935
Elias Malomgré,Belgium,934
Marcel Niedl,Austria,933
Charlie Harrison,United Kingdom,932
James Bui,Australia,931
Graham Siggins,USA,931
Alexander Botz,Germany,931
Sebastian Outh-Aut,Australia,931
Vladislav Shurshilin,Russia,930
Matthew Cook,Australia,930
Tam Quan,Australia,929
Diego Brizuela Crespo,Mexico,929
Alexis Rodrigo Cazu Mendoza,Mexico,929
Andrew Sherman,Australia,929
Daniel Wallin,Sweden,928
Ray Bai,USA,928
Lev Aronov,Russia,928
Tyler Howlett,USA,927
Dominic Lumsden,United Kingdom,926
Tyler Robinson,USA,925
Peri Le Dain,USA,924
Jakub Dłużak,Poland,924
Braden Richards,USA,924
Ahmet Çınar Ablak,Turkey,923
Riley Dexter,Australia,923
Phạm Anh Quân,Vietnam,923
Serdar Özdemir,Turkey,922
Adam Kędziorski,Poland,921
Kate Grahame,USA,921
Vicenzo Guerino Cecchini,Brazil,920
Oliver Leigh,Australia,920
Leonid Shcherbakov (Леонид Щербаков),Russia,919
Alexander Persaud,USA,919
Jason Lee,USA,919
Ishaan Lal,USA,919
Maxim Ilin,Russia,918
Hangwei Yu (禹航伟),China,918
Jinseo Hong,Korea,918
Yu-Chia Sung (宋祐嘉),Taiwan,917
Ang Chin Zhen (洪靖程),Malaysia,917
Helmer Ewert,Sweden,917
Harry Savage,United Kingdom,917
Alexey Zharikov,Russia,917
Lucas Chung,Australia,916
Luka Jankovic,Serbia,916
Shaun Mack,USA,916
Nathan Nairn,Australia,915
Jiate Xie (谢佳特),China,915
Mats Valk,Netherlands,915
Jared Balassaitis,USA,915
Laura Mellier,Switzerland,914
Mikhail Ivashechkin,Russia,914
Bartosz Kobyliński,Poland,914
Anthony Rochester,Australia,914
Daniel Rose-Levine,USA,913
Yen-Pin Xiao (蕭彥平),Taiwan,913
Ruslan Appazov,Uzbekistan,913
Anukun Supcharoenkun (อนุกูล ทรัพย์เจริญกุล),Thailand,913
Mattheo de Wit,Netherlands,913
Pavel Eroshkin (Павел Ерошкин),Russia,912
Elyas Eyou,New Zealand,912
Bokang Peng (彭博康),China,912
Michael Nielsen,USA,911
Szymon Brzana,Poland,910
Tristan Jansen,Netherlands,910
Liam Wadek,New Zealand,910
Kyra Joiner,USA,910
Karol Piskorek,Poland,909
Linus Laurén,Finland,909
Fryderyk Janiak,Poland,909
Ivo Stoutjesdijk,Netherlands,908
Clément Cherblanc,France,908
Darby Lee,Australia,907
Pavlo Huk (Павло Гук),Ukraine,907
Justin Gou,USA,907
Brian Johnson,USA,907
Sean Hartman,USA,906
Sarina Wang,New Zealand,906
Stepan Anisimov (Степан Анисимов),Russia,906
Ethan Rusnak,Canada,906
Asher Kim-Magierek,USA,905
Max Walaszek,USA,904
Chung-Han Hsu (許鍾瀚),Taiwan,903
Burak Erdil Biçer,Turkey,903
Mohannad Mahmoud Fathy,Egypt,903
Dennis Hu,New Zealand,903
Elias Dunstone,Australia,902
Pavel Mesyatsev,Russia,902
Tucker Chamberlain,USA,901
Bill Hammill,United Kingdom,901
Yifan Cheng (程依凡),China,901
Jakub Grzybowski,Poland,901
Samuel Knoll,USA,900
Magnus Søndergaard Byrne,Denmark,900
Ihor Kastranets (Ігор Кастранець),Ukraine,899
Lacey Dilworth,USA,899
Bartłomiej Owczarek,Poland,899
Carolina Guidetti,Italy,898
Pietro Mazza,Italy,898
Ryan Wu,Canada,898
Elvis Isaí Rosales Hernández,El Salvador,898
Ahmed Ghandoor,Egypt,897
Zachary Clark,USA,896
Stanley Chapel,USA,896
Khuslen Gan-Ochir,Mongolia,896
Tom Stanton-Barnett,New Zealand,896
Owen Brooks,USA,896
Benjamin Bucksmith,New Zealand,895
Zayd Chaudhry,Australia,895
Elijah Brown,USA,894
Liangrong Ma (马良戎),China,894
Yunqi Ouyang (欧阳韵奇),China,894
Adam Golus,Poland,894
William Palmer,New Zealand,894
Blake Thompson,USA,893
Aral Askarov,Kazakhstan,893
Patryk Grosiak,Poland,893
Kun Zhu (朱锟),China,893
Muhammad Hafizuddin Akhtar Bin Mohd Zainal Abidin,Malaysia,893
Alwin Rölz,Switzerland,892
Paul Mahvi,USA,891
Geoffrey Li,Australia,891
Lorenzo Layug,Philippines,890
Łukasz Burliga,Poland,889
Aleksandr Beznogov,Russia,888
Levi Gibson,USA,888
Mikhail Novoselov,Russia,888
Jasper Murray,New Zealand,887
Vyacheslav Sizov,Russia,887
Conlan Trace,USA,887
Jaime Calzado Gomez,Spain,887
Ahmet Barış Atlı,Turkey,887
Kamil Łukaszewski,Poland,886
George Scholey,United Kingdom,886
Dániel Székely,Hungary,886
Brady Lawrence,USA,884
Lir Ukaj,France,884
Zijia Feng (冯子甲),China,883
Elian Beguec,France,883
Luke Tycksen,USA,882
Nicholas Boo-Rivera,Malaysia,881
Shu Ogawa (小川柊),Japan,881
Numair Malik,New Zealand,881
Tom Wilkinson,United Kingdom,880
Lucas Jacobs,Canada,880
Mikhail Kopylov (Михаил Копылов),Russia,880
Chuan He (何川),China,880
Kanting Shi (史勘霆),China,879
Kymberlyn Calderon,USA,879
Canzheng Cao (曹参政),China,879
Henry Lichner,USA,879
Jason White,USA,879
Francisco Hamlin,Argentina,878
Gabriel Otávio Barreto da Silva,Brazil,878
Saveliy Surikov,Russia,878
Jakub Drobný,Slovakia,878
Daan Kusters,Netherlands,877
Dmitrii Saukov (Дмитрий Сауков),Russia,877
Thibaud Ou,France,877
Nurmukhammad Karimov,Uzbekistan,876
Bartosz Karpiński,Poland,876
Heinrich de Lange,South Africa,876
Marco Syfrig,Switzerland,875
Samir Homsi,Turkey,875
Zhiyuan Ma (马之元),China,875
Yelysei Hovorun (Єлисей Говорун),Ukraine,875
Tzu-Han Hung (洪梓菡),Taiwan,875
Takao Hashimoto (橋本貴夫),Japan,874
Yusuf Ragab,USA,873
Ryan Pilat,USA,873
Muhammed Pusat Özçelik,Turkey,871
Fanyang Zeng (曾凡洋),China,871
Dylan Cossin,USA,871
Alejandro Nicolay,Spain,871
Ahmad Kamil Ihsan Bin Ikhwan,Malaysia,870
Zeke Mackay,USA,870
Xavier Ouano,Australia,869
Dominic Cater,USA,869
Ethan Xu,New Zealand,869
Doruk Dokurer,Turkey,869
Jason Tong,China,868
Đặng Trần Diễn,Vietnam,868
Amy Eguchi-Fergusson,Australia,866
Jared Stinson,USA,866
Przemysław Rogalski,Poland,865
Vitaliy Takanov,Russia,865
Midas Kiebert,Netherlands,865
Andres Roberto Amaya,Mexico,865
Xinyang Li (李昕洋),China,865
Zihao Wang (王子豪),China,864
Tobias Peter,Switzerland,863
Moritz Lotz,Germany,863
Bence Barát,Hungary,863
Evan Kuske,USA,863
Katie Hull,USA,863
Dakota Akarlilar,USA,862
Joseph Ong,USA,862
Ming Dao Ting,Australia,862
Mansib Alam Talukder,Bangladesh,861
Jesús Fernando Castelán Gómez,Mexico,861
Rowe Hessler,USA,861
Richard Yiheng Tao,New Zealand,861
Marat Karimov (Марат Каримов),Russia,860
Przemysław Kruczek,Poland,860
Sameer Sethuram,USA,859
Daniel Fraser,New Zealand,859
Aidan Toonen,Australia,859
Kent Thomson,Australia,858
Kou Oobatake (大畠功),Japan,858
Chawin Ratanasiri (ชวิน รัตนสิริ),Thailand,858
Ryan Eckersley,United Kingdom,858
Ignatiy Alkaev,Russia,857
Earl Joven Suyo,Philippines,857
Cameron Miller,USA,857
Kai-Wen Wang (王楷文),Taiwan,857
Adrian Dębski,Poland,856
Toni Beljo,Croatia,856
Wuouran Liu (刘巫偶然),China,856
Myles Jarman,Australia,856
Erkin Can,Turkey,855
Rafik Sarwat Naeem Ragheb,Egypt,855
Joaquin Abarca,Canada,855
Karol Zakrzewski,Poland,855
Mattia Rigo,Italy,855
Ekaterina Soboleva (Екатерина Соболева),Russia,855
Mikus Lembergs,Latvia,855
Hua Long Javier Wan Zhu,Peru,854
Timofey Dudko (Тимофей Дудко),Russia,854
Ozer Uysal,Australia,854
Dylan Chan,USA,854
Adam Dawidziuk,Poland,854
Sergey Chirin,Russia,854
Leo Millar,Australia,854
Ian Belevich (Ян Белевич),Russia,854
Sebastian Bock,Australia,853
Daniel Lucas Dailo,USA,853
Evan Wright,USA,853
Lennon Hughes,Australia,853
Keenan Johnson,USA,853
William Jensen,Sweden,853
Rodrigo Farfan Choquimaqui,Peru,852
David Messer,USA,852
Kyle Polage,USA,852
Andreas Jensen Forsgren,Norway,851
Luca Stalpers,Netherlands,851
Cormac Farrell,United Kingdom,851
Paul Luciw,France,851
William Niewand,Australia,851
Andres Daniel Navarro Flores,Costa Rica,851
Xavier Smith,Australia,849
Jack Bellomy,USA,849
Patrick Ponce,USA,848
Yerkin Assylbek,Kazakhstan,848
Brady Bockelman,USA,847
Ilya Sokolov,Russia,847
Chris Choi,USA,847
Timur Imanov,Russia,847
Lucas Buckley,Australia,846
Carol Chai,New Zealand,846
Lev Shpanov (Лев Шпанов),Russia,846
Lucinda Zhou,USA,846
Oscar Sánchez Najarro,Spain,846
Benjamin Blaikie,New Zealand,846
Leon Marcell Alamanda,Indonesia,845
Johannes Knudsen,Sweden,845
Esneider Giraldo Restrepo,Colombia,845
Egor Afanasenko (Егор Афанасенко),Russia,845
Simeon Buchner,Canada,844
Samuel O'Sullivan,USA,844
Michael Tripodi,Australia,844
Isaac Langer,USA,844
William Moulden,Australia,843
Will Callan,USA,843
Mateusz Gołaś,Poland,842
Frederiks Rūdolfs Kronbergs,Latvia,842
Lucas Dusil,Czech Republic,842
Yee Wen Foo,Malaysia,842
Luigi Soriano,USA,842
Anshu Chennuru,USA,841
Ricardo Zapata Cruz,Venezuela,841
Phoenix Patterson,Australia,841
Leo Min-Bedford,Canada,840
Paweł Duraj,Poland,840
Nick Agatyn,Australia,840
Declan James Douglas McLennan,Australia,840
Ian Yeh,Canada,840
Artem Kosarev (Артем Косарев),Russia,840
Giovanni Bezzetto,Italy,840
Oleg Ten (Олег Тен),Uzbekistan,839
Zedan Mohamed Ahmed,Egypt,839
Khem Fernandez,Philippines,839
Ian Vaugier Aguilar,Mexico,839
Renato Stopic,Bosnia and Herzegovina,839
Daniel Goodman,USA,838
Michele Zanirato,Italy,838
Davide Arnesano,Italy,838
Benjamin Pugh,USA,838
Ayaz Minnegaleev,Russia,838
Luke Jankowiak,Canada,837
Burak Yalçın,Turkey,837
Chenkai Shen (沈宸恺),China,837
Nathan Dwyer,USA,837
Ethan Lai,USA,837
Aiden Chan,Canada,837
Silas Emerian,USA,837
Leonid Zakharov (Леонид Захаров),Russia,836
Iurii Chesnokov (Юрий Чесноков),Russia,836
Brennen Lin,Canada,836
Javier López Fernández,Spain,836
Jayden McNeill,Australia,836
Ekaterina Kaneva,Russia,836
Luke Galioto,USA,835
Stephen Waller,United Kingdom,835
Timothy Lawrance,South Africa,835
Alimzhan Kenesbek (Алимжан Кенесбек),Kazakhstan,835
Fikri Ahmad Nabigha,Indonesia,835
Bartłomiej Krokos,Poland,835
Samuel Park,New Zealand,835
Bryant Farrel Titanius,Indonesia,834
Michał Mlostek,Poland,834
Ethan Basanov,Canada,834
Chia-Jui Lin (林家睿),Taiwan,833
Mitchell Hum,USA,833
Vojtěch Kundera,Czech Republic,833
Anqi Yu,Bulgaria,833
Akın Köse,Turkey,832
Farhan Tanvir Fahim,Bangladesh,832
Zee Capangpangan,Philippines,832
Jan Golec,Poland,832
Viacheslav Osminin,Russia,832
Tyler Williams,Australia,832
Birkan Mayadağ,Turkey,832
Dylan Johnston,Australia,832
Daniel Rush,South Africa,832
Marlon de V. Marques,Brazil,831
Sanjay Jacob,India,831
Luke Dufty,New Zealand,831
Zhi-Bo Lien (連致博),Taiwan,831
Zhanat Kazez (Жанат Казез),Kazakhstan,830
Peng Wang (王鹏),China,830
Alvar Nylén,Sweden,830
Anuar Miguel Abib Onofre,Brazil,830
Dmitry Kryuzban,Russia,830
Berk Rende,Turkey,830
Conor Sullivan,Australia,829
Yuhang Sun (孙煜航),China,829
Andrey Kocharin (Андрей Кочарин),Russia,829
Lucas Barbosa Brito,Brazil,829
Samuel Eklund-Hanna,Sweden,829
Max Blechman,USA,829
Walter Duff,Canada,829
Arush Singh,India,829
Alexander Shishkov (Александр Шишков),Russia,829
Olivier Vos,Netherlands,828
David Vujasić,Croatia,828
Pavlo Bondar (Павло Бондар),Ukraine,828
Matthew Siegel,Thailand,828
Joaquin Ruenes Hernández,Mexico,828
Bogdan Pominov (Богдан Поминов),Russia,828
Christopher Fandrich,USA,827
Tim Gajewi,Germany,827
Lucas Kuczaj,Canada,827
Fengyan Zhang (张枫岩),China,827
Stephen Griggs,USA,827
Davron Takhirov,Uzbekistan,826
Ianis Costin Chele,Romania,825
Alex Davani,USA,825
Zixuan Liu (刘子瑄),China,824
Patrick Fischer,USA,824
Anthony Lafourcade,France,824
Daphne Soegijono,Indonesia,824
Wouter Komduur,Netherlands,824
Xiangyan Jin (金香延),China,823
Federico Borgogni,Italy,823
Haotian Wang (王昊天),China,823
Sebastian Werb,Germany,823
Ryszard Kiszka,Poland,823
Jason Ostdiek,USA,823
Nick Nijssen,Netherlands,823
Iftakharul Islam,Bangladesh,822
Hong-An Lai (賴泓安),Taiwan,822
Robert G. Pearce IV,USA,822
RJ Gohn,USA,821
Amir Husain,Kazakhstan,821
Andrey Mishin,Russia,821
Kit Clement,USA,821
Mathias Søndergaard Byrne,Denmark,821
Jeann Valdez,Australia,821
Marcos Josías Antigua Lebrón,Dominican Republic,821
Logan Day-Richter,USA,820
Ruei-Jyun Chang (張睿鈞),Taiwan,820
Antonio Gabriel Freitas da Silva,Brazil,819
Cade Beck,USA,819
Andrew Rizo,USA,819
Mikhail Glazov (Михаил Глазов),Russia,818
Sergey Eremin (Сергей Еремин),Russia,818
Elliott Perkins,USA,818
Yuxuan Zheng (郑誉轩),China,818
Adam Chodyniecki,Poland,818
Lorenzo Franco Kasilag,Philippines,817
Samuel Du,USA,817
Andrey Mrinskiy (Андрей Мринский),Russia,817
Daniel James,India,817
Grzegorz Szumigaj,Poland,816
Stephen Bohner,USA,816
Ilya Shalashny (Илья Шалашный),Russia,816
Joe Greenland,United Kingdom,816
Andrey Vysotin (Андрей Высотин),Russia,815
Tomasz Larysz,Poland,815
Noah Aaron Pearson,Australia,815
Muhsin Mert Arslan,Turkey,815
Roan Paone,Canada,815
Nikolay Ambrosiy (Николай Амбросий),Russia,814
Ruoxin Zhou (周若昕),China,814
Aaron Ariff,Malaysia,814
Oscar Liang,Australia,814
Alejandro Soriano,Spain,813
Jose Daniel Solano Rodríguez,Costa Rica,813
Rafae Rajani,Australia,812
Kevin Min,Korea,812
Kristopher De Asis,Canada,812
Andrés Hisashi Suzuki,Peru,812
Will Newhoff,USA,812
Kun Er Zhang,New Zealand,812
Benjamin John McConkie,USA,811
Xulang Li (黎旭朗),China,811
Ivan Polkanov (Иван Полканов),Russia,811
Avanish Ayyappan,India,810
Paul Galioto,USA,810
Jan Bentlage,Germany,810
Sumanth Chandrupatla,USA,810
Zach Amiridis,Australia,810
Bandar Al Aish,Bahrain,810
Sicheng Gu (顾思成),China,810
CJ Dresdner,USA,810
José Eduardo Palacios Castro,El Salvador,810
Kirill Levchuk (Кирилл Левчук),Russia,809
Sean Moran,United Kingdom,809
Elliott O’Brien,New Zealand,809
Sam Thessen,USA,809
Timofey Dementev,Russia,809
Oscar Watson,Australia,809
Bogdan Oreshin (Богдан Орєшін),Ukraine,809
Aset Agabekov (Асет Агабеков),Kazakhstan,809
Carson Deibert,Canada,808
Mahmoud Salah El Deberky,Egypt,808
Shyngys Sharapadin (Шынгыс Шарападин),Kazakhstan,808
Teh Zhe Wen (郑哲文),Malaysia,808
Oliver Fisk,United Kingdom,807
Jack Sutton,Australia,807
Dmitriy Kukuev,Russia,807
Oliver Hoy,Australia,807
Daniël Veldman,Netherlands,807
Unubold Altanzul,Mongolia,806
Ziyue Yang (杨子跃),China,806
Henri Gerber,Germany,806
Junseop Kim (김준섭),Korea,806
Yusuf Güzeler,Turkey,806
Juan Fausta Pringadi,Indonesia,806
Tiancai Zhu (朱田才),China,806
Bùi Minh Đức,Vietnam,806
Daniel Quiñones Olgado,Peru,806
Dmitry Obukhov,Russia,806
Luke Pearson,USA,806
Jackson Moorhead,New Zealand,806
Gabriel Lincon Souza,Brazil,805
Junkai Yang (杨竣凯),China,805
Nicolas Marin Urrea,Colombia,805
Damiano Di Paola,Italy,805
Thomas Sonnenberg Jarner,Denmark,805
Alexei Sinyavin,USA,804
Miguel Antonio Fernandez Guerrero,Dominican Republic,804
Frederick Zheng,USA,804
Szymon Bereza,Poland,804
Michael Larsen,USA,804
Chenchen Ge (葛陈晨),China,803
Charles Jerome,USA,803
Walker Welch,USA,803
Bartosz Miduch,Poland,803
Sukant Koul,India,803
Will Fairfax,New Zealand,803
Federico Da Fonseca,Argentina,802
Chia-Liang Tai (戴嘉良),Taiwan,802
Isaac Latta,New Zealand,802
Destin Shulfer,USA,802
Darcy Way,Australia,802
Dylan Baumbach,USA,802
Lev Bruskov (Лев Брусков),Russia,802
Guus de Wit,Netherlands,801
Luke Griesser,USA,801
Bertie Longden,United Kingdom,801
Yurii Riabov (Юрій Рябов),Ukraine,801
Maxim Meshcheryakov,Russia,801
Peter Grassard,France,801
Natthaphat Mahtani (ณัฐภัทร จี มาทานี),Thailand,801
Gamaliel Jimenez Oropeza,Mexico,800
Yuri Donati,Italy,800
Nicholas Patterson,Canada,800
Roberts Dreijers,Latvia,800
Aaron Do,USA,800
Mátyás Ondok,Hungary,800
Francisco Moraes Mandalozzo,Brazil,800
Muhammad Faeyza Koda,Indonesia,800
Sam Datson,Australia,800
Leeah Gard-Spaulding,Australia,799
Milo Black,USA,799
Svyatoslav Chekalin (Святослав Чекалин),Russia,799
Bartosz Krogul,Poland,798
Hudson Moore,USA,798
Igor Tarasov (Ігор Тарасов),Ukraine,798
Hudson Akarlilar,USA,798
Frederico Canal Gomes,Brazil,797
Arnav Arora,India,797
Vyacheslav Kochergin (Вячеслав Кочергин),Russia,797
Oliver Fritz,Germany,797
Dennis Rosero,Colombia,796
Gjorgji Cheshmedjievski,North Macedonia,796
Emil Khalimov,Russia,796
Aryan Kejriwal,USA,795
Dawid Mazurek,Poland,795
Dominika Warchoł,Poland,795
Alisher Soltan (Алишер Солтан),Kazakhstan,795
Yu-Kai Chen (陳宇楷),Taiwan,795
Karam Al-Robaie,United Kingdom,795
Danil Skoromec,Russia,795
Aayas Dhoj Joshi,Nepal,794
Phùng Đức Thắng,Vietnam,794
Vladimir Khisamov (Владимир Хисамов),Russia,794
Tripp Peters,USA,794
Germán Yesid Cardona Fajardo,Colombia,794
Ihor Voloshyn (Ігор Волошин),Ukraine,794
Igor Kolosov (Игорь Колосов),Russia,794
Rubén López de Juan,Spain,793
Roy Lee,USA,793
Zijun Liu (刘子钧),China,793
Finn van der Maas,Netherlands,793
Yunhui Zhao (赵云晖),China,793
Derek White,USA,793
Victor Oster Süberkrüb,Denmark,793
Daniel Porter,USA,792
Yuji Yoshida,Philippines,792
David Addison Reid,USA,792
Ewan Geertson,New Zealand,792
Luca Spataro,USA,792
Eli Parker,USA,792
Vincent Hartanto Utomo,Indonesia,792
Yan Jin (金岩),China,792
Noah Hite,USA,791
Matthias Schegers,Belgium,791
Shuto Ueno (上野柊斗),Japan,791
Benjamin Tibbetts,USA,791
Akash Rupela,India,791
Callum Hales-Jepp,United Kingdom,791
Roman Kremer (Роман Кремер),Russia,791
Yaji Liang (梁雅吉),China,791
Ivan Kulikov (Иван Куликов),Russia,791
Brandon Pierel,USA,791
Carter Thomas,USA,791
Tomasz Pietruszka,Poland,791
Carlos Sullca Mejía,Peru,790
Leo Lindqvist,Sweden,790
Wong Chong Wen (黄崇文),Singapore,790
Konstantin Kuznetsov (Константин Кузнецов),Russia,790
Alex Loor,Ecuador,790
Sébastien Auroux,Germany,790
Otgonbat Zorigt (Зоригт Отгонбат),Mongolia,790
Danila Ryabinin,Russia,790
Lawson Burrows,Australia,789
Mariia Hunchak (Марія Гунчак),Ukraine,789
Andrew McCormick,USA,789
Aidan McKenzie,USA,788
Maxim Bochkarev (Максим Бочкарёв),Russia,788
Milhouse Gibbons-Paul,United Kingdom,788
Marco Giordano,Italy,788
Nicolas Gertner,France,788
Nicholas Kang,Canada,788
Gil Kochbeck,Germany,787
Santeri Laine,Finland,787
Yannic Waser,Switzerland,787
Alaik Bhatia,India,786
Farrah Abdallah,Bangladesh,786
Timo Regoor,Netherlands,786
James Holdsworth,Australia,786
Filip Boberski,Poland,786
Artur Miralles Hernàndez,Spain,786
Yasa Zaheen,Bangladesh,786
Adam Moughnie,Canada,786
Eric Waldbillig,USA,785
Vishwa Sankar,USA,785
Miguel Solis,Panama,785
Zhao-Zhe Zhong (鍾肇哲),Taiwan,785
Darya Belonogova,Russia,785
Mikhail Malamant (Михаил Маламант),Russia,785
Nikita Kim (Никита Ким),Kazakhstan,785
João Marcos Rocha Souza,Brazil,784
Benjamin Walker,Australia,784
Steve Greer,USA,784
Aedan Bryant,USA,784
Jacob Chambers,United Kingdom,783
Riley Norrid,USA,782
Chris Yoder,USA,782
Mikhail Sautkin (Михаил Сауткин),Russia,782
Tim Vergeer,Netherlands,782
Taine Cassar,Australia,782
Hannah Minas,Switzerland,782
Huston Vu-Duc,Russia,781
Ludvig Nilsson,Sweden,781
Boqin Zhao (赵博钦),China,781
Zoë Zwanepol,Netherlands,781
Avetik Movsesyan,Russia,781
Phan Trọng Nghĩa,Vietnam,781
Maheran Chowdhury,Australia,781
Maxim Volkov (Максим Волков),Russia,781
Eddy Deturche,France,780
Brandon Harnish,USA,780
Zuhan Zhang (张祖瀚),China,780
Matthew Shay,USA,779
Michael Muething,USA,779
Zhoupeng Yang (杨周澎),China,779
Taku Yanai (矢内拓),Japan,779
Lim Chun Yik,Malaysia,779
Emerson Shawara,Canada,779
Nikolas Haramis,USA,779
Max Xiong (熊锐明),China,778
Igor Wojciech Wawrzynski,Poland,778
Timofey Bozhko-Dombrovskii,Russia,778
Robert Yau,United Kingdom,778
Wilhelm Kilders,Germany,778
Ryan Wang,USA,778
William Tanuwijaya,Indonesia,778
Michael (謝富亦),Indonesia,778
Santino Maiorino,USA,777
Jorge Luis Castillo Carrasco,Mexico,777
Yap Jia Yang,Malaysia,777
Bryan Eng,Australia,777
Bryan Gan Tze Yang,Malaysia,777
Vladyslav Hryniuk (Владислав Гринюк),Ukraine,777
Vladyslav Zhydkov (Владислав Жидков),Ukraine,777
Pavel Raschetov (Павел Расчетов),Kazakhstan,776
Brodie D. Cheater,Australia,776
Karin Iwano,Japan,776
Alanna Cooney,USA,776
Sam Adams,USA,776
Katie Crouse,Canada,776
Lachlan Stephens,Australia,775
Manuel Prieto de Antón,Spain,775
Alexander Kushnarev (Александр Кушнарев),Russia,775
Roy Yue,USA,775
Islam Kitiev,Russia,775
Jean-Luc Grijt,Netherlands,775
Muhtasim Al Farabi,Bangladesh,774
Matthew Prestwich,United Kingdom,774
Eli Jay,United Kingdom,774
Alvaro Haidar Ersha,Indonesia,774
Ekaterina Chistoedova (Екатерина Чистоедова),Russia,774
Nikita Popkov,Russia,774
Jingpeng Wu (吴劲芃),China,773
Tyler Gee,USA,773
Oleksii Lukin (Олексій Лукін),Ukraine,773
Xingkai Yin (尹星凯),China,773
Jacob Joshi,Australia,772
Myka Peterson,USA,772
Stepan Kobelev (Степан Кобелев),Russia,772
Valerio Raimondi Vallesi,Italy,772
Nikolay Pavlenko (Николай Павленко),Russia,772
Felipe André de Oliveira Guerra,Brazil,772
Will Russo,USA,772
Nathan Quan,USA,772
Mustafa Berke Özcan,Turkey,772
Elvin Thorsen,Sweden,772
Gabriel Brasileiro Vanderlei Rodrigues da Costa,Brazil,772
Santiago Arevalo,Uruguay,772
Onur Gürsoy,Turkey,771
Travis Burkett,USA,771
Yizhuo Yan (严一卓),China,771
Jay Calter,Australia,771
Vilius Čirgelis,Lithuania,771
Munes Ameen Mohammad Abd Elhaq,Palestine,771
Jérôme Fréguin,Canada,771
Chi-Yu Li (李其祐),Taiwan,771
Brandon Manke,USA,770
Owen Chester,USA,770
Denis Gorchakov,Russia,770
Miguel Ángel Hernández,Panama,769
Luke Van Laningham,USA,769
Thiago Henrique Jardim Cardoso,Brazil,769
Gianfranco Camones Caycho,Peru,768
Amogh Adluri,USA,768
Jacob Shum,Canada,768
Kari Hyttinen,Finland,768
Daniel Alejandro Cruz Tunubalá,Colombia,768
Alex Taylor,New Zealand,768
Milan Nikiforov,Kazakhstan,767
Shih-Yu Yang (楊仕宇),Taiwan,767
Ciarán Beahan,Ireland,767
Jinxuan Ni (倪锦旋),China,767
Kristiāns Pietkuns,Latvia,767
Yunke Zhang (张云柯),China,767
Qiyu Zhang (张淇奥),China,767
Takayuki Tanaka (田中隆喜),Japan,766
Dilmar Rakhatov (Дильмар Рахатов),Kazakhstan,766
Sarah Young,USA,765
Pedro Henrique de Jesus Silva,Brazil,765
Munkhdelger Shinekhuu,Mongolia,765
Ivan Vanek,USA,765
Paolo Resta,Italy,765
Daniel Suh,USA,765
Aiden Dajun Kim,Canada,765
Felipe Cardim,Brazil,764
Aiden Krog,Australia,764
Valeriia Volova (Валерія Волова),Ukraine,764
Piotr Stachurski,Poland,764
Sebastián Morón Mariscal,Bolivia,764
Clément Burgevin,France,763
Daniel Heberg Jørgensen,Denmark,763
Scott Weston,USA,763
Christopher J. Yuh,USA,763
Tianze Liu,China,763
Yuvraj Agarwal,India,763
Artem Kapustinskiy (Артем Капустинский),Russia,762
Jaemin Chang (장재민),Korea,762
Daniel Gracia Ortiz,Spain,761
Callum O'Riley,Canada,761
Anjie Zhao (赵安洁),China,761
Yue Xin (辛岳),China,761
Zihan Wang (王子涵),China,760
Oscar Yakovlev (Оскар Яковлев),Russia,760
Eleanor Sinnott,United Kingdom,760
Igor Kaigalov,Russia,760
Benjamin Warry,Australia,760
Brayden Gordley,USA,760
Mo Zhou (周沫),China,760
Ronan de Rooij,Netherlands,760
Beau Broughton,New Zealand,760
Sergey Shitov,Russia,759
Vladislav Syrov,Russia,759
Jakub Miśko,Poland,759
Konrad Leśniak,Poland,759
Andy Le,Australia,759
Asanali Zhanabayev (Асанали Жанабаев),Kazakhstan,759
Asadbek Kodirjonov,Uzbekistan,759
Andrey Kolevatykh (Андрей Колеватых),Russia,759
Joe Yang,USA,759
Arthur Hansford,Australia,759
Edward Xie,USA,758
Mohammad Mehrab Hosan,Bangladesh,758
William Klauer,USA,758
Ben Fraher,USA,758
Maksim Zemtšihhin,Estonia,758
Evgenii Loginov,Russia,758
Lucas Belcher,New Zealand,758
Michał Woliński,Poland,758
LianCheng Guo,Canada,757
Steven Wintringham,USA,757
Trent Douglass,USA,757
Jadon Castillo,USA,757
Leo Bora Bozkir,Turkey,757
Anton Mikhailik (Антон Михайлик),Russia,757
Caleb Hall,New Zealand,757
Maxwell Strayhorn,USA,756
Aidan Doyle,USA,756
Brendan White,USA,756
Stepan Ushakov (Степан Ушаков),Russia,756
Yibo Wang (王奕博),China,756
Haohan Zheng (郑皓涵),China,755
Dmitry Korolev,Russia,755
Ting Sheng Bao Yang,Spain,755
Jan van Dorst,Netherlands,755
Yoav Eynon,Australia,755
Seon Byun,Korea,755
Nathan Sims,USA,754
Artem Kulikov (Артём Куликов),Russia,754
Nathan Miles,USA,754
James Ellis Nale V,USA,754
Will Cerne,USA,754
Dylan Beetge,Australia,754
Sergio Minaya Pimentel,Peru,753
Yu-Hsuan Chang (張祐瑄),Taiwan,753
Zachary Johnson,USA,753
Li Chak Kwan (李澤堃),Hong Kong,753
Karina Ermakova (Карина Ермакова),Russia,753
Jiun-Ze Chen (陳鈞澤),Taiwan,753
Maxim Brednev (Максим Бреднев),Russia,753
Aidan Lenton,New Zealand,753
Raffaele Pascazio,Italy,752
Yuxuan Pan (潘宇轩),China,752
Jack Maddigan,New Zealand,752
Nicholas Roberts,USA,752
Wojciech Kisała,Poland,752
Andrew Reid,Australia,751
Virgile Perrot,France,751
Alexander Cohen,USA,751
Danila Rogozhnikov (Данила Рогожников),Russia,751
Nguyễn Hoàng Minh,Vietnam,751
Keith Jackman,Ireland,751
Dominik Ostas,Poland,751
Marcus Moberg,Sweden,750
Kabir Johal,Canada,750
Giovanni Centili,Italy,750
Tiago Akihiro Fujita,Brazil,750
Mithilesh Gopalakrishnan,India,750
Luuk Hofmeijer,Netherlands,750
Patrick Kleverlaan,Australia,749
Sergey Marin (Сергей Марьин),Russia,749
Luqman Hakim Bin Hairil Azli,Malaysia,749
Kristján Hirlekar,Sweden,749
Piotr Ochal,Poland,749
Chenhao Sun (孙晨皓),China,749
Matthew Duffin,USA,749
Blake Sinclair,United Kingdom,749
Gregory Lopez,USA,749
Jacob Keener,USA,749
Wesley Pi,USA,749
Jason Zheng,USA,748
Aleksey Sivkov (Алексей Сивков),Russia,748
Robert Alden,United Kingdom,748
Lim Hung (林弘),Malaysia,748
Chengzhi Jin (金程智),China,748
Danila Sobyanin,Russia,748
Jan Bielenia,Poland,748
Casey Ngo,USA,748
Guan-Xun Huang (黃冠勳),Taiwan,747
Isaac McNeal,USA,747
Akmal Abduazizov,Uzbekistan,747
Sam Koch,USA,747
Maria Lebedeva (Мария Лебедева),Russia,747
Laura Ting,Australia,747
Juho Arjanne,Finland,746
Pengji Li (李棚吉),China,746
Brandon Wong,USA,746
Mika Smulders,Netherlands,746
Quinn McGagin,USA,746
Ethan Davis,USA,746
Chan Tak Chuen (陳德泉),Hong Kong,746
Richard Madden,Ireland,746
Ethan Coolidge,USA,746
Jake Domb,New Zealand,746
