name,country,333oh
Feliks Zemdegs,Australia,1280
Dwyane Ramos,New Zealand,1256
Ruihang Xu (许瑞航),China,1254
Andrey Che,Russia,1251
Tymon Kolasiński,Poland,1248
Karol Zakrzewski,Poland,1223
Yibo Wang (王奕博),China,1220
Jode Brewster,Australia,1202
Riley Dexter,Australia,1195
Dmitry Dergunov,Russia,1195
Juliette Sébastien,France,1195
Łukasz Burliga,Poland,1182
Max Park,USA,1178
Bryan Eng,Australia,1176
Kai-Wen Wang (王楷文),Taiwan,1175
Jiazhou Li (李佳洲),China,1175
Nguyễn Khang Minh,Vietnam,1169
Vincent Wong,Australia,1157
Hubert Badocha,Poland,1151
Phoenix Patterson,Australia,1148
Dmitry Dobrjakov,Russia,1146
Andrew Bae,USA,1145
Magdalena Pabisz,Poland,1143
Alexander Bashutkin,Russia,1142
Yiqun Lin (林逸群),China,1142
Joseph Briggs,United Kingdom,1140
Martin Vædele Egdal,Denmark,1139
He-Ping Zheng (鄭和平),Taiwan,1138
George Scholey,United Kingdom,1137
Luke Burong,Australia,1135
Jayden McNeill,Australia,1134
Sora Sato,Australia,1131
Jack Cai,Australia,1130
Zhiyuan Ma (马之元),China,1129
Lei Liu (刘磊),China,1129
Przemysław Kaleta,Poland,1129
Philipp Weyer,Germany,1128
Luke Garrett,USA,1126
Rhys Lloyd,Australia,1126
Marquez Phan,Australia,1125
Qingze Li (李庆泽),China,1125
Lorenzo Mauro,Italy,1122
Daniel Gutierrez,USA,1121
Xingkai Yin (尹星凯),China,1120
Jack Mennie,Australia,1120
Simon Kalhofer,Germany,1119
Justin Mallari,USA,1118
Ying Lin (林颖),China,1117
Ben Kirby,New Zealand,1117
Artem Ganzha,Russia,1117
Weilong Luo (罗伟龙),China,1113
Nicolas Gertner,France,1112
Zhouheng Sun (孙舟横),China,1111
Andy Gong,Australia,1110
Bautista Bonazzola,Argentina,1109
Tao Wen (温韬),China,1109
Jr-Wei Jang (張智瑋),Taiwan,1107
Hugo Spitz,France,1105
Lance Aguilar,Australia,1105
Keaton Ellis,USA,1105
Jeann Valdez,Australia,1102
Tianhao Mo (莫天皓),China,1102
Oliver Jenks,New Zealand,1102
Louis de Mendonça,United Kingdom,1102
Szymon Malinowski,Poland,1101
Lev Golub (Лев Голуб),Ukraine,1101
Simiao Huang (黄思淼),China,1100
Chris Mills,United Kingdom,1099
Harrison Marsden,New Zealand,1097
Tolga Kaan Kantarcı,Turkey,1095
Yusheng Du (杜宇生),China,1094
Tee Kai Yang,Malaysia,1094
Iuri Grangeiro Carvalho,Brazil,1094
Zayn Khanani,USA,1093
Kristóf Veres,Hungary,1092
Brody Lassner,USA,1091
Mingzhe Li (李明哲),China,1091
Ruohan Qiu (邱若寒),China,1090
Ray Bai,USA,1089
Shih-Hao Wang (王士豪),Taiwan,1089
Max Siauw,USA,1088
Jiayu Wang (王佳宇),China,1087
Knut Skaug Haraldsen,Norway,1087
Jeff Miao,China,1085
Alexander Tolstov (Александр Толстов),Russia,1084
Ciarán Beahan,Ireland,1084
Lucas O'Connell,New Zealand,1083
Robert Yau,United Kingdom,1082
János Bereczki,Romania,1082
Yu Tang (唐语),China,1082
Nicholas Paul,Australia,1082
Samir Homsi,Turkey,1081
Taine Cassar,Australia,1081
Junqi Feng (冯骏骐),China,1080
Lachlan Stephens,Australia,1080
Christopher Yen,USA,1080
Kevin Gerhardt,Germany,1079
Pavel Galaktionov,Russia,1079
Vincent Hartanto Utomo,Indonesia,1078
Ryan Wu,Canada,1078
Patrick Hetco,Germany,1074
Bill Wang,Canada,1073
Loic Chiang,Singapore,1072
Maksym Yeli (Максим Єлі),Ukraine,1072
Carter Kucala,USA,1071
Bhargav Narasimhan,India,1071
Bartłomiej Owczarek,Poland,1070
Xuechao Zhang (张学超),China,1068
Patrick Ponce,USA,1068
David Pearce,Australia,1067
Shaun Mack,USA,1067
Yifan Yuan (袁逸凡),China,1067
Zhao-Zhe Zhong (鍾肇哲),Taiwan,1066
Matthew Lee,Canada,1066
Ilya Nazarov,Russia,1066
Ryan Driscoll,Australia,1065
Antonie Paterakis,Greece,1065
Callum Hales-Jepp,United Kingdom,1065
Jakub Grzybowski,Poland,1065
Heidi Chan,USA,1063
Weicong Peng (彭伟聪),China,1062
Ábris Galler,Hungary,1061
Lazo Jalal,Australia,1060
Benjamin Warry,Australia,1060
Mats Valk,Netherlands,1060
Daniel Rose-Levine,USA,1060
Joshua Hounslow,Australia,1059
Tommy Kiprillis,Australia,1058
Mattia Furlan,Italy,1057
Yuhao Deng (邓宇豪),China,1057
Eli Parker,USA,1057
Myles Jarman,Australia,1056
Ping-Yueh Huang (黃品越),Taiwan,1056
Zach Amiridis,Australia,1055
Valerio Locatelli,Italy,1054
Eric Zhao,USA,1054
Sameer Aggarwal,USA,1054
Ainesh Sevellaraja,Malaysia,1053
Sean Belke,USA,1053
Ray Zhang (张灏睿),Australia,1052
Hussain Iqbal,United Kingdom,1051
Darcy Way,Australia,1051
Will Gurnett,Australia,1051
Nachuan Sun (孙纳川),China,1051
Fabio Schwandt,United Kingdom,1051
Michał Pleskowicz,Poland,1050
Lucas Déglise,France,1049
Burak Erdil Biçer,Turkey,1048
Dennis Hu,New Zealand,1048
Luke Tycksen,USA,1048
Edward Rust,Australia,1048
Matthew Arca,USA,1047
Tommas Austin-Milne,Australia,1047
Leon Marcell Alamanda,Indonesia,1046
Tobias Peter,Switzerland,1046
Joaquin Abarca,Canada,1045
Ruikang Lu (陆瑞康),China,1044
Cheng-Ying Lee (李承穎),Taiwan,1044
Will Newhoff,USA,1044
Zayd Chaudhry,Australia,1044
Wong Chong Wen (黄崇文),Singapore,1043
Cornelius Dieckmann,Germany,1042
Xiran Chen (陈袭然),China,1042
Lennon Hughes,Australia,1041
Harry Savage,United Kingdom,1041
Kyyarkhan Nikolaev,Russia,1040
Jerry Yao,USA,1040
Antoine Cantin,Canada,1040
Sheng Cao (曹晟),China,1038
Chengyang Song (宋成阳),China,1038
Ulrik Bredland,Norway,1037
Tu Pham,Vietnam,1037
Adrien Auvray Matyn,New Zealand,1037
Izan Cantero Herrera,Spain,1037
Joel Ulin,Sweden,1036
Stephen Huan,USA,1036
Zaiyang Zhang (张在旸),China,1036
Lin Chen (陈霖),China,1035
Paul Pleis,France,1035
Emilio Matanguihan,Australia,1034
Alexander Botz,Germany,1033
Mateusz Szulik,Poland,1033
Jonathan Esparaz,Canada,1033
Cheng-Ru Yang,New Zealand,1033
Jing Chen (陈憬),China,1032
Matthew Cook,Australia,1031
Ronald Su Chiang,Australia,1031
Kian Mansour,Canada,1031
Andreas Lambropoulos,USA,1031
Eli Jay,United Kingdom,1031
Daniel McDonald,Australia,1030
Brayden Wroten,USA,1029
Sean Hartman,USA,1029
Danila Rogozhnikov (Данила Рогожников),Russia,1029
Dante Wallin Arvidsson,Sweden,1029
Andrew Nathenson,USA,1027
Haodong Cheng (程昊东),China,1027
Chenhao Sun (孙晨皓),China,1027
Yunliang Zhang (张赟量),China,1027
Grigoriy Barashkin,Russia,1027
Paul Mahvi,USA,1026
Daniel Karnaukh,USA,1026
Yubo Ji (纪宇博),China,1026
Alwin Rölz,Switzerland,1026
Ethan Pan,New Zealand,1025
Linus Laurén,Finland,1025
Jakob Gunnarsson,Sweden,1024
Cameron Miller,USA,1024
William Harris,USA,1024
Alex Van Vugt,Australia,1024
Tommaso Raposio,Italy,1023
Jakob Schöley,Germany,1023
Kai Su (苏锴),China,1022
James Hildreth,USA,1022
Matty Hiroto Inaba,USA,1021
David Epstein,Australia,1021
Arifumi Fushimi (伏見有史),Japan,1020
Maheran Chowdhury,Australia,1020
Shu-Yii Luo (駱書翊),Taiwan,1020
Gabriel Santiago Velez Gonzalez,Colombia,1020
Rasmus Stub Detlefsen,Denmark,1019
Ahmet Çınar Ablak,Turkey,1019
Michał Rzewuski,Poland,1019
Caleb Clark,Australia,1019
Tom Stanton-Barnett,New Zealand,1019
Asher Kim-Magierek,USA,1018
Sripad Sarma Katrapati,India,1018
Elian Beguec,France,1017
Kieran Dizon,USA,1017
Roan Paone,Canada,1017
Jaden Burkhardt,USA,1016
Muhammad Faeyza Koda,Indonesia,1015
Benjamin Gottschalk,USA,1015
Jasper Murray,New Zealand,1015
Zhi Li (李志),China,1014
Luke Seah,Australia,1014
Ivan Torgashov (Иван Торгашов),Russia,1014
Daniel Tidsey,United Kingdom,1013
Kyson Lovery,Australia,1013
Amos Nordman,Finland,1012
Michael Alexander,Australia,1012
Samuel Tie,Australia,1011
Theo Iván Goluboff,Argentina,1011
Andrii Vasyliev (Андрій Васильєв),Ukraine,1011
Wojciech Barciaga,Poland,1011
Luca Brasini,Italy,1011
Fangrui Zeng (曾方锐),China,1010
Pranav Gadge,India,1010
Sarina Wang,New Zealand,1010
Kajetan Opach,Poland,1010
Zak Kenny,Australia,1010
Samuel Simko,Slovakia,1009
Jakub Hamkało,Poland,1009
Zac Graham,Australia,1008
Maxim Ilin,Russia,1008
Marcel Ručigaj,Slovenia,1008
Jackson Deng,Australia,1007
David Vujasić,Croatia,1007
Zhenyu Wang (王振宇),China,1006
Olivier Vos,Netherlands,1006
Dash Cannon,Australia,1006
Phillip Lewicki,USA,1006
Sebastiano Tronto,Italy,1006
Marco Vorländer,Germany,1005
Christian Foyle,Australia,1005
Sean Moran,United Kingdom,1005
Seth Ferry,Australia,1005
Dylan Johnston,Australia,1004
Wilson Alvis (陈智胜),Indonesia,1004
Celine Tran,Norway,1003
Ibrahim Khanani,USA,1003
Jiazheng Zhao (赵家正),China,1003
Charles Jerome,USA,1003
Hsiang-Kuang Zhuang (莊翔光),Taiwan,1002
Brennen Lin,Canada,1002
Leon Tran,Australia,1001
Zerong Zheng (郑泽荣),China,1001
Richard Delacoste,Switzerland,1000
Jan Zych,Poland,1000
Yunhui Zhao (赵云晖),China,1000
Vladyslav Hryniuk (Владислав Гринюк),Ukraine,999
Ahmad Ayman,Egypt,999
Parker Trager,USA,998
Mantas Urbanavičius,Lithuania,998
Justin Barker,USA,998
Aleksandr Nedelko,Russia,997
Tommy Cherry,USA,997
Rifa Octavian Himawan,Indonesia,997
Jukka Geisler,Germany,997
Michał Krasowski,Poland,996
Kieran Murphy,Australia,996
Ulysse Merlin,France,996
Isaac Langer,USA,995
Yuan-Jyun Shih (施元鈞),Taiwan,995
Oliver Castledine,United Kingdom,995
Jose Polorhenzo Aquino,Philippines,994
Yue Shen (申粤),China,994
Kenny Zhong,Canada,994
Joshua Feran,USA,994
Antonio Kam Ho Tung (甘浩東),Hong Kong,993
Helmer Ewert,Sweden,993
Pessi Ansaranta,Finland,993
Xiaobin Rui (芮晓彬),China,993
Will Hamilton,USA,992
Cian-Jyun Yang (楊謙君),Taiwan,992
Pengcheng Wang (王鹏程),China,992
Anthony Qi,Australia,992
Mika Smulders,Netherlands,992
Kirill Litvinov,Russia,991
Chenhao Ma (马晨皓),China,991
Zhaojie Li (李肇杰),China,991
Kim Roger Høyland Larsen,Norway,991
Seung Hyuk Nahm (남승혁),Korea,991
Charlie Eggins,Australia,991
Jonathan Charlesworth,Australia,989
Arnav Arora,India,989
Ryland Wilson,USA,989
Francisco Hamlin,Argentina,989
Mohammed Aiman Koli,India,989
Alexey Tsvetkov,Russia,988
Tam Quan,Australia,988
Jacob Joshi,Australia,988
Jack Pfeifer,USA,987
Firstian Fushada (符逢城),Indonesia,987
Brian Johnson,USA,987
Ujjawal Pabreja,India,987
Wade Hawkins,USA,987
Mikus Lembergs,Latvia,987
Tudor Lin,USA,987
Igor Tarasov (Ігор Тарасов),Ukraine,986
Stanley Wang,Canada,986
Jiaming Bob Yi,Canada,986
Ronak Narang,India,986
Henry Helmuth,USA,985
Sebastian Werb,Germany,985
Michael Young,USA,985
Ömer Çetinkaya,Turkey,985
Lukas Shelley,Denmark,985
Hayden Ng,Australia,985
Dmitriy Shevchenko,Russia,984
Aleksandr Beznogov,Russia,984
Adam Łyskawa,Poland,984
Nicholas Daneshvari,USA,984
Anders Berggren,Sweden,984
Tiffany Chien,USA,984
Andy Huang,USA,984
Anatole Volongo,France,983
Przemysław Rogalski,Poland,983
An Li (李安),China,983
Shao-Yu Hu (胡紹宇),Taiwan,983
Yuxuan Song (宋宇轩),China,983
Erik Kippus,Estonia,982
Oliver Fritz,Germany,982
Nithin Babu,India,981
Dmitry Zvyagintsev,Russia,981
Edward Hollingdale,Australia,981
Jinlin Li (李金琳),China,981
Rafał Waryszak,Poland,981
Jacob Chambers,United Kingdom,981
Ho Hsieh (謝合),Taiwan,981
Frank Nguyen,Australia,980
Lucero Esmeralda Alvarado Ruíz,Mexico,980
Mannessah Kani,Australia,980
Leo Borromeo,Philippines,980
Cole Campbell,New Zealand,979
Hans Lin,Australia,979
Taosif Amin Sahil,Bangladesh,979
Junxi Jian (简隽希),China,979
Oscar Watson,Australia,979
Dmitry Matthew Yaquinto,Russia,979
Richard Yiheng Tao,New Zealand,979
Damián Campos,Argentina,977
Phillip Maxwell,Indonesia,977
Bartosz Karpiński,Poland,976
Witold Sołtysik,Poland,976
Pablo Contreras,France,976
Semen Artyukhov,Russia,975
Noah Kraft,Germany,975
Brian Allen,Australia,975
Yinming Zhu (朱胤铭),China,975
Kaur Tuule,Estonia,975
Diego Alfonso,France,974
Trang Bảo Minh,Vietnam,974
Laura Holzhauer,Germany,974
Kaijun Lin (林恺俊),China,974
Alan Ma,Australia,974
Alessandro Nicolì,Italy,973
Igor Ośmiałowski,Poland,973
Rami Sbahi,USA,973
Brendan Bakker,USA,972
Kailong Li (李开隆),China,972
Sam van Vliet,Australia,972
Shijie Peng (彭世杰),China,971
Max Xiong (熊锐明),China,971
Daniel Vædele Egdal,Denmark,971
Zijian Cai (蔡子健),China,971
Tyler Howlett,USA,971
Isaac Myers,USA,970
Justin John Navarro,Philippines,970
Jonathan Mauroy,Belgium,970
Walter Dominguez Giron,Peru,970
Kacper Gałczyk,Poland,970
Aryan Chhabra,India,969
Kunaal Parekh,India,969
Arush Singh,India,969
Isaac Latta,New Zealand,969
Yi-Fan Wu (吳亦凡),Taiwan,969
Joey Saia,USA,969
Tan Kwan Yang,Malaysia,969
Mehul Kujur,India,969
Viljo Elo,Finland,969
Arisandra Soo,Australia,969
Simon Kellum,USA,968
Marcus Kamen,USA,968
Jin Gabriel Limpin,Australia,968
Michał Marszałek,Poland,967
Theodore Chow,Canada,967
Trần Đình Anh,Vietnam,967
Danny SungIn Park,Korea,966
Andy Ma,China,966
Mason Langenderfer,USA,966
Jinseo Hong,Korea,965
Ivaylo Ivaylov Vichev,Bulgaria,965
Nipat Charoenpholphant (นิพัฒน์ เจริญพลพันธุ์),Thailand,965
Mitchell William Su,New Zealand,965
Yinghao Zhu (朱英豪),China,965
Nikhil Soares,India,965
Kanting Shi (史勘霆),China,964
Justin Chang,China,964
Noah Stelting,Canada,964
Sergey Ryabko,Russia,964
Danil Antoniu (Данил Антониу),Russia,964
Yinghao Wang (王鹰豪),China,964
Giovanni Contardi,Italy,964
Graham Lively,USA,964
Matthew Flay,Australia,964
Doyul Kim (김도율),Korea,964
Alex Maass,USA,963
Michael Larsen,USA,963
Daniil Rublev (Даниил Рублёв),Russia,963
Alexis Fedeler,Germany,963
Juan David Carmona Vásquez,Colombia,963
Lauren Phung,USA,963
Steven Kearns,United Kingdom,962
Jiawei Zhan (詹佳伟),China,962
James Molloy,United Kingdom,962
Pavlo Bondar (Павло Бондар),Ukraine,962
Quentin Rivault,France,962
Henri Gerber,Germany,962
Owen Chester,USA,961
Arkadiusz Abramowski,Poland,961
Owen de Heer,Netherlands,960
Jared Balassaitis,USA,960
Marcus Siu,United Kingdom,960
Michał Mlostek,Poland,959
Adam Walker,USA,959
Alex James,Australia,959
An Le,USA,959
Aquila Janoschka,Australia,959
Cendy Cahyo Rahmat,Indonesia,958
Blake Thompson,USA,958
Wayne Pi,Taiwan,958
Jonathan Kaliffe,Australia,958
Aaron Spiller,Australia,958
Gael Augusto Lapeyre,Argentina,957
Qinxi Wei (韦钦曦),China,957
Sebastian Weyer,Germany,957
Peter Greninger,USA,957
Elyas Eyou,New Zealand,956
Christopher Connolly,Canada,956
Aneurin Hunt,New Zealand,956
Zhiyuan Zhang (张质源),China,956
Tyler Robinson,USA,956
Mark Pimenov (Марк Пименов),Russia,956
Tyler Williams,Australia,955
Kenneth Tran,Norway,955
Maksym Zharov (Максим Жаров),Ukraine,954
Diego Fraile,France,954
Jihao Huang (黄继豪),China,954
Yutao Xue (薛宇韬),China,954
Beom San Kim (김범산),Korea,954
Qiyu Zhang (张淇奥),China,953
Zachary Ochs,USA,953
Mitchell Lane,USA,953
Dylan Miller,USA,953
Simon Geertsema,New Zealand,953
Nurmukhammad Karimov,Uzbekistan,952
Camerone Chin,New Zealand,952
Muhammad Saleh Imtiaz,Pakistan,952
Karina Grandjean Beck,Denmark,952
Zack Hall,Australia,952
Kyle Santucci,Canada,951
Richard Jay S. Apagar,Philippines,951
Sebastian Virág,Canada,951
Farid Mikhailov,Kazakhstan,951
Tijmen van der Ree,Netherlands,950
Ganghui Lin (林刚辉),China,950
Ethan Davis,USA,950
Jeff Oneil Magallanes Agüero,Peru,950
Jim Zhu,New Zealand,950
Nikolai Kuzin,Russia,950
Enoch Hong Bo Chong,Australia,949
Vladislav Kaminskiy,Belarus,949
Tristan Chua Yong,Singapore,949
Noah Kim,USA,949
Daan Baartmans,Netherlands,949
Sujai Shakthivel,India,948
Naglis Peciulis,Lithuania,948
Ilya Sokolov,Russia,948
Viktor Kalmar,Austria,948
Brian Nguyen,Australia,947
Stanley Su,Australia,947
Khayll Paolo Sandukan,Philippines,947
Ming Dao Ting,Australia,947
Timothy Castle,USA,947
Carlos Méndez García-Barroso,Spain,946
Henry Lichner,USA,946
John Bacouël,France,946
Zhihai Liu (刘之海),China,946
Elijah Brown,USA,946
Xiangrui Deng (邓翔睿),China,946
Sebastian Outh-Aut,Australia,945
Hiroto Fujita (藤田浩斗),Japan,945
Mikhail Kopylov (Михаил Копылов),Russia,945
Leo Lindqvist,Sweden,945
Darren Johan,Indonesia,945
Ivan Polkanov (Иван Полканов),Russia,945
Thomas Tinlin,Australia,945
Peiyan Li (利沛焰),China,945
Zhangbo Xia (夏章博),China,944
Andrey Kolevatykh (Андрей Колеватых),Russia,944
Nikolaus Lindinger,Austria,944
Zibo Xu (徐子博),China,944
Hua-Ting Lee (李華庭),Taiwan,944
Noah Swor,USA,944
Asia Konvittayayotin (เอเชีย กรวิทยโยธิน),Thailand,944
Martin Fronescu,Romania,943
Naufal Aqil Himawan,Indonesia,943
Julian Bürgi,Switzerland,943
Zejun Chen (陈泽鋆),China,943
Luc Harvey,Australia,942
Alvaro Haidar Ersha,Indonesia,942
Jaemin Chang (장재민),Korea,942
Dominic Lumsden,United Kingdom,942
Markus Hirvonen,Australia,942
Xinyu Li (李欣宇),China,942
Caio Hideaki Sato,Brazil,941
Pavel Yushkevich,Belarus,941
Tianze Xu (徐天泽),China,941
Matthew Lowe,United Kingdom,941
Trịnh Quang Dũng,Vietnam,941
Mattia Galentino,Italy,941
Maverick Pearson,South Africa,941
Yu Li (李昱),China,941
Peri Le Dain,USA,941
Jason Ostdiek,USA,940
Wilhelm Kilders,Germany,940
Danil Lemeshev (Данил Лемешев),Russia,940
Lance Enzo Yap,Philippines,940
Ammar Shahid,India,940
Hargun Singh Tikku,India,940
Vladislav Shurshilin,Russia,940
Twan Dullemond,Netherlands,939
Marek Majerik,Slovakia,939
Martin Brath,Germany,939
Alejandro Daniel Salceda Corvera,Mexico,939
Matteo Provasi,Italy,939
Mohannad Mahmoud Fathy,Egypt,939
Reinier Schippers,Netherlands,938
Dominik Fürer,Switzerland,938
Yihan Chen (陈奕涵),China,938
Nicolás Shwkyng Monroy,Colombia,938
Mahith Bandi,USA,938
Volodymyr Hnidko (Володимир Гнідко),Ukraine,938
Dawid Wójcik,Poland,938
Sandy Aaron Jones,France,937
Cameron Jones,United Kingdom,937
Salamon Tűzkő,Hungary,937
Elijah Lim,Australia,937
Wong Kin Lok (黃健樂),Hong Kong,937
Đặng Trần Diễn,Vietnam,937
Chenying Pei (裴琛英),China,937
Patrick Kleverlaan,Australia,937
Akito Nipatcharoen,Australia,936
Cory Yurkovic,USA,936
Erik Akkersdijk,Netherlands,936
Timur Imanov,Russia,936
Mathias Søndergaard Byrne,Denmark,936
Dmitry Gundin,Russia,936
Alexander Tosting,Sweden,935
Benjamín Ochoa,Peru,935
Pedro Alejandro Condo Tellez,Peru,935
Piti Pichedpan (ปิติ พิเชษฐพันธ์),Thailand,935
Ashley Foster,New Zealand,935
Xulang Li (黎旭朗),China,934
Sebastian Pretzsch,Germany,934
Alexander Chieng,Australia,934
Zhaohong Huang (黄兆鸿),China,934
Szabolcs Szántai,Hungary,934
Louis Cormier,Canada,934
Lir Ukaj,France,934
Kavin Tangtartharakul,USA,934
Federico Da Fonseca,Argentina,934
Vojtěch Kundera,Czech Republic,933
Joel David Hibbert,Australia,933
Heng Wu (吴桁),China,933
Devin Corr-Robinett,USA,932
Pavel Mesyatsev,Russia,932
Edward Lin,USA,932
Jakub Tkaczyk,Poland,932
Micah Wingfield,USA,932
James Donahue,USA,932
Zhuoxi Yin (尹卓曦),China,931
Kevin Min,Korea,931
Yoo-chan Hong (홍유찬),Korea,931
Rui-Jun Liu (劉睿鈞),Taiwan,931
Mark Nie,Canada,931
Henry Savich,USA,931
Dylan Wang,Canada,931
Walker Welch,USA,930
Ethan Xu,New Zealand,930
Stian Nystad Østli,Norway,930
Alex Asbery,New Zealand,930
Divnoor Bajwa,Australia,930
Daniel King,USA,929
Christian König,Germany,929
Nikita Malykhin (Никита Малыхин),Russia,929
Isaac Vergara Castillo,Mexico,929
Cheung-Hao Tu,United Kingdom,929
Akash Rupela,India,928
Mantra Shukla,New Zealand,928
Reuben Phillips,Australia,928
Vicenzo Guerino Cecchini,Brazil,928
Jiawei Wu (伍嘉维),China,928
Nguyễn Quốc Nam,Vietnam,928
Erik Shakirov,Russia,928
Asato Irifune (入船朝斗),Japan,927
Jasmine Mapatac,USA,927
Pierre Meunier,France,927
Anish Rajesh,India,927
Jeff Park,USA,927
Ramses Amaya,Colombia,927
Jude Lumley,Australia,927
Yuhao Sun (孙雨昊),China,927
Jules Créteur,France,927
Ziqi Ding,China,926
Jerry Jiang,New Zealand,926
Farrah Abdallah,Bangladesh,926
Arinze Owoh,Nigeria,926
William Tao,Australia,926
Yap Jia Yang,Malaysia,926
Carol Chai,New Zealand,926
Luke Marsh,Australia,925
Maksim Makhmutov,Russia,925
Niko Ronkainen,Finland,925
Arhaan Sareen,Canada,925
Zhuoer Zhang (张卓尔),China,925
An Hu (胡安),China,925
Brandon Lin,USA,925
Vishantak Srikrishna,USA,924
Will Callan,USA,924
Yizhou Wang (王翼洲),China,924
Jun-Po Ni (倪君寶),Taiwan,924
Kunal Oak,India,924
Oscar Wong Jing Yee (王敬宇),Malaysia,924
Chan Hui Tung (陳許瞳),Hong Kong,923
Aidan Zeng,Australia,923
Piotr Olszewski,Poland,923
Zaky Kurnia Falah,Indonesia,923
Lucas Buckley,Australia,923
Luke Robles,USA,923
Gabriel Barrios,Guatemala,923
Daniel Janzon,Sweden,922
Yasmin Chan,New Zealand,922
Alan Jia,Canada,922
Justin He,Australia,922
Bas Verseveldt,Netherlands,922
Jihu Mun,USA,922
Manuel Prieto de Antón,Spain,922
Ben Kopriva,USA,922
Jaeden Inocentes,USA,922
Mulun Yin (阴目仑),China,921
Luis Angel Contreras Ospina,Colombia,921
Alexander Eckinger,USA,921
Toby Seufert,Australia,921
David Serban Enescu,Romania,921
Ben Stokes,United Kingdom,921
Shubham Maharana,India,921
Luis Kleinheinz,Germany,920
Elliot Tay,Australia,920
Vladimir Tikhonenko (Владимир Тихоненко),Russia,920
Vladislav Pichugov (Владислав Пичугов),Russia,920
Paxton Bennison,Australia,920
Tongming Shi (石童鸣),China,920
Ahmed Ghandoor,Egypt,920
Phil Patrick F. Isidro,Philippines,920
Jonathan Tilahun,USA,919
Jason White,USA,919
Daeshunn Eli Balisi,Philippines,919
Inigo Miguel B. Palisoc,Philippines,919
Josephine Siburian,Australia,919
Calvin Nielson,USA,919
Thomas Smith,Australia,919
Calix Tang,USA,918
Xander McSherry,Australia,918
Jan Bentlage,Germany,918
Jinge Li (李金戈),China,918
Tanay Singh,Australia,918
Kari Hyttinen,Finland,918
Sumanth Chandrupatla,USA,918
Pedro Giuseppe Garcia Milla,Peru,917
Biel Salmons Gonzalez,Spain,917
Jhon Edinson Arias Parra,Colombia,917
Aarav Gandhi,India,917
Haochen Mei (梅皓臣),China,917
Magnus Patrick Kanstrup,Denmark,917
Nitin Subramanian,USA,916
Adriano Matoba Lipski,Brazil,916
Ryan Yasinko,Canada,916
Ernesto Gutiérrez Cuba,Peru,916
Mikhail Sartakov,Russia,916
Kymberlyn Calderon,USA,916
Carter Audet Marrero,USA,916
Charlie van Ooran,Australia,916
Manuel Gutman,Argentina,916
Mykyta Tytar (Микита Титарь),Ukraine,916
Eric Pesci,USA,915
Juan Camilo Rueda Moreno,Colombia,915
Maggie Clark,USA,915
Benjamin Riske,Australia,915
Anuar Miguel Abib Onofre,Brazil,914
Genjin Xu (许根进),China,914
Wuouran Liu (刘巫偶然),China,914
Jin-Yu Lin (林進裕),Taiwan,914
Pranav Prabhu,India,914
Dale Stephen M. Palmares,Philippines,914
Roy Lee,USA,914
Julian Sico,New Zealand,914
Daniel Mullen,USA,913
Cheng-Wei Lin (林政鍏),Taiwan,913
Haibo Sui (隋海波),China,913
Alexey Zharikov,Russia,913
Conlan Trace,USA,913
Junlong Li (李俊龙),China,913
Ewan Geertson,New Zealand,913
Xiaoke Xu (徐晓珂),China,913
Alexander Vujcich,New Zealand,912
Yu Feng (冯煜),China,912
Bence Kiácz,Hungary,912
Manuel Bühler,Switzerland,912
Chenchen Zhao (赵宸宸),China,912
Baden Forster,Australia,912
Tim Xie,New Zealand,912
Christopher Olson,USA,912
Jeremy Geels,Netherlands,912
Magnus Søndergaard Byrne,Denmark,912
Omar Ellabban,Canada,912
Erkin Can,Turkey,912
Canzheng Cao (曹参政),China,911
Lev Aronov,Russia,911
Luke Heath-Edwards,New Zealand,911
Anthony Lafourcade,France,911
Alex Seidler,USA,911
Chaoyang Wang (王朝阳),China,911
Heewon Seo,USA,911
Eduardo Antonio Lara Martínez,Mexico,911
Diwen Xu (许帝文),China,911
Yoav Eynon,Australia,910
Mattheo de Wit,Netherlands,910
Ivan Lew Yi Wen (刘义文),Malaysia,910
Ekaterina Soboleva (Екатерина Соболева),Russia,910
Timur Frolov,Russia,910
Marcos Aparicio Caro,Spain,910
Huixuan Shi (施慧轩),China,910
Krzysztof Boguszewski,Poland,910
Slavomil Voloskov (Славомил Волосков),Russia,910
Qingxuan Wu (吴青轩),China,910
Phạm Đức Phước,Vietnam,910
Kun Er Zhang,New Zealand,910
Zhijie He (何智劼),China,910
Weifu Shen (沈为夫),China,909
Andrew Antoine,Egypt,909
Chengming Su (苏成明),China,909
Yuki Matsui (松井裕希),Japan,909
Wojciech Knott,Poland,909
Nguyễn Ngọc Thịnh,Vietnam,909
Elvin Thorsen,Sweden,908
Denis Gromov (Денис Громов),Russia,908
Marcel Nycz,Poland,907
Brandon Lugtu,USA,907
Matěj Grohmann,Czech Republic,907
Derek Tat,USA,907
Ryan Pilat,USA,907
Longjie Mo (莫龙杰),China,906
Haichuan Du (杜海川),China,906
Swami Srinivasan,Australia,906
Aleksandar Dukleski,North Macedonia,906
Chawin Ratanasiri (ชวิน รัตนสิริ),Thailand,906
Nicos Ahlgrimm,Germany,906
Jose Javier Melendez Maldonado,Guatemala,905
Letian Liu (刘乐天),China,905
Adam Jagła,Poland,905
Jack Love,Australia,905
Sameer Chawla,USA,905
Ömer Faruk Bircan,Turkey,905
Alessandro Ricci,Italy,905
John Gaynor,USA,904
Gaojian Pan (潘高健),China,904
Dhruv Agarwal,India,904
Marco Giordano,Italy,904
Ng Jia Quan (黄佳铨),Malaysia,904
Daniel Sheppard,United Kingdom,904
Guojie Wang (王国杰),China,904
Ray Leung Ka Ho (梁家浩),Hong Kong,903
Yuhei Takagi (高木佑平),Japan,903
Jack Ryan,USA,903
Ataberk Şencan,Turkey,903
Joaquin Ruenes Hernández,Mexico,903
Yusef Krayem,Australia,903
Michael Bratko,Russia,902
Stepan Anisimov (Степан Анисимов),Russia,902
Taylor Cookmeyer,USA,902
Vladislav Kozhin,Russia,902
Alexis Rodrigo Cazu Mendoza,Mexico,902
Edric Sachio,Indonesia,902
Samuel Garrett,USA,902
Aleksander Vasilyev,Russia,902
Vladyslav Zhydkov (Владислав Жидков),Ukraine,902
Aiden Bartlett,USA,902
Bence Barát,Hungary,902
Mork Vanna,Cambodia,902
Huang-Bang Fang (房黃邦),Taiwan,901
Austin Chuong,Canada,901
Zavian Valedon,USA,901
Ruslan Kazin (Руслан Казин),Kazakhstan,901
Michał Halczuk,Poland,901
Ianis Costin Chele,Romania,901
Bernard Badu Arkoh,Ghana,901
Jack Stewart,USA,901
Fabian Löhle,Switzerland,901
Aarin Manik,United Kingdom,901
Mikhail Chernobrivets (Михаил Чернобривец),Russia,901
Federico De Paoli,Italy,900
Earl Joven Suyo,Philippines,900
Robert G. Pearce IV,USA,900
Huston Vu-Duc,Russia,900
Jack Manuel,Canada,900
Tianwen Liu (刘天文),China,899
Milo Black,USA,899
Yannic Waser,Switzerland,899
Joe Labas,Australia,899
Piotr Buba,Poland,899
Sam Ellis,Australia,899
Hong Seungbin,Korea,899
Daniel Yakhkind,Israel,899
Harald Skinnes Kryvi,Norway,898
Bill Hammill,United Kingdom,898
Valerii Omelchuk (Валерій Омельчук),Ukraine,898
Victor Colin,France,898
Peter Weyers,USA,898
Benjamin Paul,Australia,898
James MacDonald,Australia,898
Jakob Fiechter,Austria,898
Aiden Dajun Kim,Canada,898
Joseph Lau,Malaysia,897
Noah Aaron Pearson,Australia,897
Xinyun Chen (陈新运),China,897
Darya Belonogova,Russia,897
Haochang Zhang (张皓昶),China,897
Zihan Zhang (张子涵),China,897
Seb van den Beemt,Netherlands,897
Liam Highducheck,Australia,897
Manuel Popayán,Colombia,897
Vitaliy Sheshko,Belarus,897
Aamir Saifee,India,897
Islam Kitiev,Russia,896
Ziting Li (李紫婷),China,896
Xiang Meng (孟响),China,896
Malte Ihlefeld,Germany,895
Jerzy Chmiel,Poland,895
Bhavya Goyal,India,895
Lim Hung (林弘),Malaysia,895
Tristan Yoo,Korea,895
Joshua Walsh,Australia,895
Ben Baron,Israel,895
Carlos Quispe Cantorin,Peru,895
Thomas Kuswadi,Australia,894
Bartłomiej Krokos,Poland,894
Grant Lian,China,894
Will Hernly,USA,894
Erick Tian,Canada,893
Peter Grassard,France,893
Nikita Slavinski,Estonia,893
Habin Kim (김하빈),Korea,893
Sei Sugama (洲鎌星),Japan,893
Gábor Slezák,Hungary,893
Aryan Kejriwal,USA,893
Aolin Tang (唐奥林),China,893
Harsha Paladugu,USA,893
Livia Kleiner,USA,893
Linus Buck,Germany,892
Amina Chebochakova (Амина Чебочакова),Russia,892
Piotr Tokarski,Poland,892
Dana Yi,USA,892
Charlie Cannon,Australia,892
Nitin Nathan,USA,892
Vittorio Maria Perucatti,Italy,892
Krischal Dhungel,Nepal,892
Harry Taylor,United Kingdom,891
Noriyuki Okada (岡田典之),Japan,891
Jason Tan,Indonesia,891
Marco Yang,Canada,891
Devansh Katyal,India,891
Yahia Ahmed Abdallah Elhawy,Egypt,890
Mahbubul Hossain Robin,Bangladesh,890
Dylan Swarts,South Africa,890
Dmitrii Saukov (Дмитрий Сауков),Russia,890
Chenyao Zhang (张琛尧),China,890
Yitong Cheng (程一同),China,890
Derek Hsieh,USA,890
Nikifor Petrov (Никифор Петров),Russia,890
Juan Pablo Huanqui,Peru,890
Qingbin Chen (陈庆斌),China,889
Bryce Maragni,USA,889
Christian Morgan,Australia,889
Oliver Hoy,Australia,889
William Jensen,Sweden,889
Vincent Chan,Netherlands,888
Raul Agaev (Раул Агаев),Russia,888
Germán Venturino,Argentina,888
Benjamin Walker,Australia,888
Maverick Sua,Philippines,888
Imants Liepiņš,Latvia,888
Dennis Eijkel,Netherlands,888
Lee Stanton-Barnett,New Zealand,888
James Holdsworth,Australia,887
Hunor Mogyorósi,Hungary,887
Wei-Ming Zeng (曾唯銘),Taiwan,887
Justin Nicholas Tan,USA,887
Sameer Mahmood,United Kingdom,887
Dominik Górny,Poland,887
Rodrigo Zarate,Peru,887
Leon Schmidtchen,Germany,887
Ruslan Romanenko,Russia,887
Hoàng Khang Minh,Vietnam,887
Adrien Schumacker,Belgium,886
Hoàng Hà Thủy Tiên,Vietnam,886
Raymond Goslow,USA,886
Ishaan Lal,USA,886
Zhourun Yang (杨周润),China,886
Isaiah Macdonald,Australia,886
Akın Köse,Turkey,886
Callum McArthur-Mortell,Finland,886
Marcin Stachura,Poland,885
John Eppley,USA,885
Carlos Damián Suárez Bernal,Mexico,885
Ivo Stoutjesdijk,Netherlands,885
Ihor Kastranets (Ігор Кастранець),Ukraine,885
Steve Greer,USA,885
Terence Wang,Australia,885
Adam Marcellus Kelly,USA,885
Emil Elghorn,Sweden,884
Kyle Polage,USA,884
Jonathan Blöcher,Germany,884
George Pelham,Australia,884
Jianjun Liang (梁健君),China,884
Mathai Manavalan,Australia,884
Ihor Sukhovatenko (Ігор Суховатенко),Ukraine,883
Marcus Jack Hletko,USA,883
Kevin Tang,Canada,883
Vadzim Smirnou,Belarus,883
Chris Choi,USA,883
Yuchen Zhang (张宇晨),China,883
Yen-Pin Xiao (蕭彥平),Taiwan,883
Adrian Tadulan,Philippines,882
Boyuan Yang (杨博渊),China,882
Ryan Koralalage,Sri Lanka,882
Sebastian Lee,Australia,882
Jiajun Wu (吴佳骏),China,882
You Wu (吴悠),China,882
Alexandre Carlier,France,882
Henrik Buus Aagaard,Denmark,882
Jonathan Pang,Australia,882
Ronald Fernando Remuzgo Salazar,Peru,881
Adam Chodyniecki,Poland,881
Seath Margatinez,Philippines,881
DongSu Park (박동수),Korea,881
Jan van Dorst,Netherlands,881
Naufal Shidqi,Indonesia,881
Remo Pihel,Estonia,880
Jonathan O'Neill,Australia,880
Katie Hull,USA,880
Wenzheng Huang (黄文政),China,880
Alex Niedland,USA,880
Natthaphat Mahtani (ณัฐภัทร จี มาทานี),Thailand,880
Yancheng Lai (赖彦丞),China,880
Léo Francoeur,Canada,880
Jurgen Lara,Guatemala,880
Alex Hirschhorn,Australia,880
Nikita Popkov,Russia,880
