name,country,overall
Jonathan Charlesworth,Australia,1031
Joshua Hounslow,Australia,1019
Martin Vædele Egdal,Denmark,998
Jode Brewster,Australia,985
Harry Savage,United Kingdom,956
Tom Stanton-Barnett,New Zealand,949
Feliks Zemdegs,Australia,948
Max Siauw,USA,942
Stanley Chapel,USA,929
Riley Dexter,Australia,929
Lennon Hughes,Australia,924
Sebastian Outh-Aut,Australia,909
Antonie Paterakis,Greece,905
Andy Gong,Australia,898
Lucas O'Connell,New Zealand,897
Magdalena Pabisz,Poland,892
Tommy Cherry,USA,890
Carter Kucala,USA,886
Lorenzo Mauro,Italy,886
Lev Golub (Лев Голуб),Ukraine,885
Ng Jia Quan (黄佳铨),Malaysia,879
Myles Jarman,Australia,878
Daniel Vædele Egdal,Denmark,876
Kerry Creech,USA,876
Fabio Schwandt,United Kingdom,875
Zhao-Zhe Zhong (鍾肇哲),Taiwan,875
Firstian Fushada (符逢城),Indonesia,874
Walker Welch,USA,872
Sean Hartman,USA,871
Dwyane Ramos,New Zealand,870
Ainesh Sevellaraja,Malaysia,870
Michał Krasowski,Poland,869
Dawid Wójcik,Poland,867
Jan Bentlage,Germany,867
Henri Gerber,Germany,867
Jakob Gunnarsson,Sweden,865
Sameer Aggarwal,USA,863
Łukasz Burliga,Poland,859
Tobias Peter,Switzerland,857
Tyler Williams,Australia,856
Eli Jay,United Kingdom,856
Evan Liu,USA,854
Mohammed Aiman Koli,India,851
Callum Hales-Jepp,United Kingdom,851
Benjamin Gottschalk,USA,847
Aneurin Hunt,New Zealand,846
Daniel Wallin,Sweden,846
Cian-Jyun Yang (楊謙君),Taiwan,846
Jason White,USA,845
Zhiyuan Ma (马之元),China,845
Jasper Murray,New Zealand,843
Jayden McNeill,Australia,843
Andrey Che,Russia,842
Nikhil Soares,India,842
Kai-Wen Wang (王楷文),Taiwan,842
Vincent Hartanto Utomo,Indonesia,841
Jack Pfeifer,USA,840
Shivam Bansal,India,839
Joshua Feran,USA,839
James Quinn,USA,839
Karol Zakrzewski,Poland,839
Daniel Tidsey,United Kingdom,837
Farid Mikhailov,Kazakhstan,837
Helmer Ewert,Sweden,836
Luke Heath-Edwards,New Zealand,836
Sukant Koul,India,834
Cale Schoon,USA,834
Bartłomiej Owczarek,Poland,833
Ciarán Beahan,Ireland,832
Jacob Chambers,United Kingdom,832
Igor Tarasov (Ігор Тарасов),Ukraine,831
Caleb Hall,New Zealand,830
Sean Moran,United Kingdom,829
Xinyun Chen (陈新运),China,828
Kevin Gerhardt,Germany,827
Joel Cetra,Germany,825
Bence Barát,Hungary,825
David Pearce,Australia,825
Tommy Kiprillis,Australia,823
Mattheo de Wit,Netherlands,819
Lucas Déglise,France,818
Jeann Valdez,Australia,816
Ethan Pride,Australia,816
Aaron Spiller,Australia,815
Ilya Nazarov,Russia,815
AJ Kamal,USA,812
Raymond Goslow,USA,812
Clément Cherblanc,France,811
Olivier Vos,Netherlands,810
Ben Stokes,United Kingdom,810
Ryan Pilat,USA,808
Tymon Kolasiński,Poland,807
Noah Swor,USA,807
Peter Weyers,USA,807
Oliver Fritz,Germany,806
Mateusz Szulik,Poland,806
Chan Hui Tung (陳許瞳),Hong Kong,803
Adrien Auvray Matyn,New Zealand,802
Wong Chong Wen (黄崇文),Singapore,802
Max Xiong (熊锐明),China,799
Alex Taylor,New Zealand,798
Bill Hammill,United Kingdom,798
Graham Siggins,USA,798
Michael Alexander,Australia,798
William Jensen,Sweden,798
Aedan Bryant,USA,797
Bartłomiej Krokos,Poland,795
Timothy Castle,USA,793
Laura Holzhauer,Germany,793
Liam Highducheck,Australia,790
Xingkai Yin (尹星凯),China,790
Elijah Brown,USA,789
Adam Marcellus Kelly,USA,789
Daniel Karnaukh,USA,788
Cedric Meysing,Germany,788
Noah Kraft,Germany,787
Sora Sato,Australia,787
Robert Yau,United Kingdom,786
Chris Mills,United Kingdom,786
David Epstein,Australia,786
Jan Zych,Poland,785
Rasmus Stub Detlefsen,Denmark,785
Alexey Zharikov,Russia,784
Brandon Poulton,United Kingdom,784
DongSu Park (박동수),Korea,783
Liam Wadek,New Zealand,782
Cole Campbell,New Zealand,781
Michał Mlostek,Poland,781
David Vujasić,Croatia,781
Malte Ihlefeld,Germany,781
Pavlo Bondar (Павло Бондар),Ukraine,780
Zayd Chaudhry,Australia,780
Braden Richards,USA,779
Patrick Kleverlaan,Australia,779
Vicenzo Guerino Cecchini,Brazil,778
Kit Clement,USA,777
Ben Kirby,New Zealand,777
Phoenix Patterson,Australia,777
Yunqi Ouyang (欧阳韵奇),China,777
Simon Kellum,USA,777
Jakub Hamkało,Poland,776
Ryan Wu,Canada,775
Jared Stinson,USA,775
Alexander Bashutkin,Russia,774
Matthew Sieredzinski,Australia,770
Luca Stalpers,Netherlands,770
Cheng-Ru Yang,New Zealand,770
Martin Fronescu,Romania,768
Sheng Cao (曹晟),China,768
Wayne Pi,Taiwan,768
Paul Mahvi,USA,767
Jason Ostdiek,USA,767
Caleb Clark,Australia,766
Alessandro Nicolì,Italy,766
Brayden Wroten,USA,766
Alexander Botz,Germany,766
Calvin Nielson,USA,766
Hill Pong Yong Feng,Malaysia,764
Tom Nelson,New Zealand,764
Nicolas Gertner,France,764
Maxim Ilin,Russia,764
Conlan Trace,USA,762
Zeke Mackay,USA,762
Kim Min (김민),Korea,761
János Bereczki,Romania,761
Jacob Ambrose,USA,760
Isaac Langer,USA,760
Will Callan,USA,760
Kacper Paweł Dworak,Poland,760
Marquez Phan,Australia,760
Alexey Kislovskiy,Russia,759
Tyler Robinson,USA,759
Ming Dao Ting,Australia,759
Matthew Prestwich,United Kingdom,759
Lee Stanton-Barnett,New Zealand,758
Knut Skaug Haraldsen,Norway,758
Ivan Lew Yi Wen (刘义文),Malaysia,758
Ethan Pan,New Zealand,757
Alexis Rodrigo Cazu Mendoza,Mexico,757
Bryan Eng,Australia,756
James Molloy,United Kingdom,755
Yunke Zhang (张云柯),China,755
Kanting Shi (史勘霆),China,754
Jason Harley,United Kingdom,754
Manuel Gutman,Argentina,753
Natthaphat Mahtani (ณัฐภัทร จี มาทานี),Thailand,752
Magnus Søndergaard Byrne,Denmark,751
Ho Hsieh (謝合),Taiwan,751
Katie Hull,USA,750
Przemysław Rogalski,Poland,750
Lachlan Stephens,Australia,749
Wilfrid Py,France,749
Manuel Prieto de Antón,Spain,749
Kajetan Opach,Poland,748
George Scholey,United Kingdom,748
Akash Rupela,India,748
Daniel Goodman,USA,747
Darren Siew Ee Yaang (蕭奕暘),Malaysia,747
Xavier Smith,Australia,746
Will Russo,USA,746
Charlie van Ooran,Australia,745
Łukasz Dubicki,Poland,744
William Gan Wei Ren (颜伟仁),Malaysia,743
Paweł Duraj,Poland,743
Paris Dorn,Canada,743
Mihály Horváth,Hungary,742
Riley Woo,USA,742
Piotr Olszewski,Poland,741
Will Gurnett,Australia,741
Daniel Rose-Levine,USA,740
Ethan Stevens,Australia,740
Kymberlyn Calderon,USA,740
Niclas Mach,Germany,739
Mikus Lembergs,Latvia,739
Krish Shah-Nathwani,USA,739
Vilius Ribinskas,Lithuania,739
Alwin Rölz,Switzerland,739
Alaik Bhatia,India,739
Sergey Marin (Сергей Марьин),Russia,738
Christopher Chi,USA,738
Luke Van Laningham,USA,737
Samir Homsi,Turkey,736
Christian König,Germany,736
Ahmet Çınar Ablak,Turkey,736
Oliver Castledine,United Kingdom,736
Christopher Sun,USA,736
Kyeongmin Choi,Korea,735
Daniel Mullen,USA,735
Tam Quan,Australia,734
Mengfei Shen (沈梦非),China,734
Shih-Hao Wang (王士豪),Taiwan,733
Oscar Watson,Australia,733
Keenan Johnson,USA,733
Tripp Peters,USA,733
Luke Garrett,USA,733
Kai Roff,United Kingdom,732
Steven Kearns,United Kingdom,732
Ishaan Lal,USA,732
Sam van Vliet,Australia,732
Szymon Brzana,Poland,732
Darby Lee,Australia,731
Will Cerne,USA,730
Sam Sieracki,Australia,730
Elvin Thorsen,Sweden,728
Xinjie Shi (施鑫杰),China,728
Yunhao Lou (娄云皓),China,727
Assylkhan Meirkhanov (Асылхан Мейрханов),Kazakhstan,725
Roan Paone,Canada,725
Tomohiro Kobayashi (小林知広),Japan,725
Francisco Hamlin,Argentina,725
Swami Srinivasan,Australia,725
Manuel Bühler,Switzerland,725
Joe Davis,Australia,724
Danila Ryabinin,Russia,724
Michael Young,USA,723
Wilson Alvis (陈智胜),Indonesia,723
Ray Zhang (张灏睿),Australia,722
Jack Maddigan,New Zealand,722
Peri Le Dain,USA,722
Kate Grahame,USA,721
Callum Goodyear,United Kingdom,721
Ang Chin Zhen (洪靖程),Malaysia,721
Ivan Li Ka Leong (李嘉亮),Hong Kong,721
Wilhelm Kilders,Germany,721
Choi Hyo-jin (최효진),Korea,721
Vincent Chen,USA,720
Jakub Grzybowski,Poland,720
Preston Duke,USA,720
Charlie Stark,United Kingdom,719
Bhargav Narasimhan,India,719
Parker Trager,USA,719
Antoine Cantin,Canada,719
Zachary White,USA,719
Robert Alden,United Kingdom,718
Tristan Chua Yong,Singapore,718
Chris Choi,USA,718
Hargun Singh Tikku,India,718
Leon Tran,Australia,718
Ethan Davis,USA,718
Ivan Torgashov (Иван Торгашов),Russia,717
Linus Laurén,Finland,717
Eva Kato,USA,716
Ihor Sukhovatenko (Ігор Суховатенко),Ukraine,716
Zachary Ochs,USA,715
Owen Widdis,USA,715
Jaden Lim,Philippines,715
Diego Brizuela Crespo,Mexico,714
Zayn Khanani,USA,714
Joseph Williams,United Kingdom,714
Wojciech Knott,Poland,713
Mark Boyanowski,USA,713
Bradley Sampson,USA,713
Magnus Patrick Kanstrup,Denmark,712
Ivan Polkanov (Иван Полканов),Russia,711
Aset Agabekov (Асет Агабеков),Kazakhstan,711
Jack Cai,Australia,711
Fabian Löhle,Switzerland,711
Corey Sakowski,USA,710
Jack Love,Australia,710
Frederico Canal Gomes,Brazil,710
Linus Frész,Germany,709
Ben Baron,Israel,709
Tommy Szeliga,USA,709
Ping-Yueh Huang (黃品越),Taiwan,708
Jaemin Chang (장재민),Korea,708
Livia Kleiner,USA,708
Vladyslav Hryniuk (Владислав Гринюк),Ukraine,707
Abhijeet Ghodgaonkar,India,707
Darcy Andrikonis,Australia,707
Timo Norrkniivilä,Finland,706
Zak Kenny,Australia,706
Muhammad Saleh Imtiaz,Pakistan,705
Adrian Dębski,Poland,705
Kyra Joiner,USA,705
Tyler Howlett,USA,704
Luigi Soriano,USA,704
Michael Larsen,USA,704
Michael Conard,USA,704
Jonathan Pang,Australia,704
Volodymyr Korol (Володимир Король),Ukraine,703
Cormac Farrell,United Kingdom,703
Damir Zhanataev (Дамир Жанатаев),Kazakhstan,703
Kevin Matthews,Canada,702
Ray Bai,USA,702
Marco Rota,Italy,701
Yunliang Zhang (张赟量),China,701
Szabolcs Szántai,Hungary,700
Steve Greer,USA,700
Karol Piskorek,Poland,699
Zhe Wang (王哲),China,699
Iurii Chesnokov (Юрий Чесноков),Russia,698
Dominik Fürer,Switzerland,698
Matic Omulec,Slovenia,698
Joaquin Abarca,Canada,697
Nicholas Patterson,Canada,697
Bautista Bonazzola,Argentina,697
Matthew Cook,Australia,697
Mykhailo Lagoida (Михайло Лагойда),Ukraine,697
Christopher Connolly,Canada,697
Cory Yurkovic,USA,696
Grigoriy Barashkin,Russia,696
Marcel Ručigaj,Slovenia,695
Danny SungIn Park,Korea,695
Bertie Longden,United Kingdom,695
Akshaansh Chilakapati,India,695
Louis Cormier,Canada,695
Jose Polorhenzo Aquino,Philippines,695
Marek Majerik,Slovakia,694
Aiden Bartlett,USA,694
Daniel Sheppard,United Kingdom,694
Jiazhou Li (李佳洲),China,693
Angeline Wijaya (黃千儀),Indonesia,692
Marcus Moberg,Sweden,692
Mikołaj Salamon,Poland,691
Santino Maiorino,USA,691
Chengyang Song (宋成阳),China,691
Alexander Mutch,Canada,689
Erik Akkersdijk,Netherlands,688
Richard Yiheng Tao,New Zealand,688
Brian Johnson,USA,688
Conor Sullivan,Australia,687
Eason Siew Ee Son (蕭奕晨),Malaysia,686
Tijmen van der Ree,Netherlands,685
Matěj Grohmann,Czech Republic,685
Mitchell Lane,USA,685
Isaac Latta,New Zealand,685
Semen Artyukhov,Russia,684
Hassan Khanani,USA,684
Mannessah Kani,Australia,684
Juliette Sébastien,France,683
Damian Wilding,USA,683
Stephen Bohner,USA,683
Chenhao Sun (孙晨皓),China,683
Elian Beguec,France,682
Mikhail Kuzin,Russia,682
José Antonio Navarro Sánchez,Spain,682
Joanna Hołdakowska,Poland,681
Yerkin Assylbek,Kazakhstan,680
Alexis Fedeler,Germany,680
Adam Chodyniecki,Poland,680
Sébastien Auroux,Germany,680
Yuji Yoshida,Philippines,680
Yifan Wang (王逸帆),China,679
Ilya Sokolov,Russia,678
Stephen Griggs,USA,678
Ryan Yasinko,Canada,678
Vyacheslav Kochergin (Вячеслав Кочергин),Russia,677
Will Belote,USA,677
Jinseo Hong,Korea,677
Oscar Nieto,Colombia,676
Asia Konvittayayotin (เอเชีย กรวิทยโยธิน),Thailand,676
Blake Thompson,USA,676
Pavel Mesyatsev,Russia,675
Michael (謝富亦),Indonesia,675
Piotr Tokarski,Poland,675
Marcus Kamen,USA,674
Gabriel Barrios,Guatemala,674
Ryan Driscoll,Australia,674
Elyas Eyou,New Zealand,673
Lanshi Zhang (张岚石),China,673
Sheldon Rego,India,673
Ko Youngjin (고영진),Korea,672
Jakub Drobný,Slovakia,671
Luis Kleinheinz,Germany,671
Luke Tycksen,USA,671
Bo-Yu Lin (林柏佑),Taiwan,670
Midas Kiebert,Netherlands,670
Isaac Myers,USA,670
Gerard McGinley,Australia,668
Diego Alfonso,France,668
Jolo Endona,Philippines,667
Igor Aipkin,Uzbekistan,667
Hannah Minas,Switzerland,667
Aston Culf,Australia,667
Bartosz Karpiński,Poland,667
Chris Deng,USA,667
Manfred Siew Ee Sheng (蕭奕晟),Malaysia,666
Dylan Swarts,South Africa,666
Travis Burkett,USA,666
Evgeniy Mazhara,Russia,666
Samuel Fang,USA,666
Andreas Jensen Forsgren,Norway,666
Lim Chun Yik,Malaysia,665
Leonard Wetzel,Germany,665
Artyom Martirosov,Russia,665
Gjorgji Cheshmedjievski,North Macedonia,665
Lichao Liu (刘立超),China,665
Pedro Giuseppe Garcia Milla,Peru,664
Carter Thomas,USA,664
Szymon Malinowski,Poland,664
Tomasz Cepil,Poland,664
Martin Brath,Germany,664
Mason Langenderfer,USA,663
José Leonardo Chaparro Prieto,Colombia,663
Anthony Rochester,Australia,663
Mitchell Hum,USA,662
Luka Jankovic,Serbia,662
Sebastian Bock,Australia,662
Ivan Krueger,USA,660
Henry Lichner,USA,660
Michael Nielsen,USA,660
Joonas Silvennoinen,Finland,659
Ari Randers-Pehrson,USA,659
Abhimanyu Singhal,India,658
Dominik Vidaković,Croatia,658
Pranav Prabhu,India,657
Anqi Yu,Bulgaria,657
James Hildreth,USA,657
Ernur Ersayynov,Kazakhstan,656
Michael Tripodi,Australia,656
Anthony Lafourcade,France,656
Wojciech Rogoziński,Poland,656
Cary Huang,USA,656
Peter Preston,USA,655
Mateusz Gil,Poland,655
Tomáš Nguyen,Vietnam,655
Mok Man Kit (莫文傑),Hong Kong,654
Remo Pihel,Estonia,654
Armando Dian,Malaysia,654
Davis Pogor,USA,654
Linus Kunath,Germany,654
Katie Davies,United Kingdom,653
Theo Iván Goluboff,Argentina,653
Mats Valk,Netherlands,653
John Brechon,USA,653
Francis Daniels Veğeris,Latvia,653
Stephen Waller,United Kingdom,653
Jiazheng Zhao (赵家正),China,652
Brenton Angelo Lo Wong,Philippines,652
Mihnea Andrei Panţu,Romania,652
Dmitry Matthew Yaquinto,Russia,651
Will Newhoff,USA,651
Ting Sheng Bao Yang,Spain,651
Luca Brasini,Italy,651
Zach Amiridis,Australia,651
Einar Kvam Lundberg,Norway,650
Samuel Knoll,USA,650
Guido Dipietro,Argentina,650
Oliver Wheat,United Kingdom,650
Edward Vakula,USA,649
Tim Reynolds,USA,649
Ben Keogh,Ireland,649
Andy Denney,USA,649
Francisco Moraes Mandalozzo,Brazil,649
CJ Sheng,USA,648
Dan Tran,USA,648
Kim Roger Høyland Larsen,Norway,648
Simon Westlund,Sweden,648
Leo Hock-Morris,Australia,648
Lee Zhi Xuan,Malaysia,648
Dániel Varga,Hungary,648
Shao-Heng Hung (洪紹恆),Taiwan,648
John Gaynor,USA,648
Daniel Fraser,New Zealand,648
Amelie Dieterich,Germany,648
Pavel Galaktionov,Russia,647
Rui-Jun Liu (劉睿鈞),Taiwan,647
Emilio Alberto Rodríguez Jiménez,Mexico,647
Dongzhe Li (李东哲),China,647
Darcy Way,Australia,646
Aamir Saifee,India,646
Sebastiano Tronto,Italy,646
Zhichun Li (李志纯),China,645
Finn Trass,New Zealand,645
Marco Manno,Italy,645
Yuhang Sun (孙煜航),China,645
Ákos Dél,Hungary,645
Gabriel Santiago Velez Gonzalez,Colombia,644
Levente Swanepoel,New Zealand,644
Andrii Vasyliev (Андрій Васильєв),Ukraine,644
Modest Podzolkin,Ukraine,644
Yu Feng (冯煜),China,644
Anuar Miguel Abib Onofre,Brazil,644
Federico Da Fonseca,Argentina,644
Rūdolfs Vīnkalns,Latvia,644
Sebastian Werb,Germany,644
Krystian Załuski,Poland,644
Pedro Henrique de Jesus Silva,Brazil,644
James Golding,United Kingdom,643
Patrick Ponce,USA,643
Yen-Pin Xiao (蕭彥平),Taiwan,643
Xulang Li (黎旭朗),China,643
Joel Lundström,Sweden,642
Vladyslav Zhydkov (Владислав Жидков),Ukraine,641
Marcus Siu,United Kingdom,641
Cade Beck,USA,641
Jeremy Benik,USA,640
Daniel Gutierrez,USA,640
Ashley Foster,New Zealand,640
Mateusz Szwugier,Poland,640
Matteo Dummar,Italy,639
Ruben Grobler,South Africa,639
Sandy Aaron Jones,France,639
Doyul Kim (김도율),Korea,639
Toni Beljo,Croatia,639
Maxim Brednev (Максим Бреднев),Russia,639
Nikita Popkov,Russia,639
Lim Hung (林弘),Malaysia,639
Akmal Abduazizov,Uzbekistan,639
Nicolás Sánchez,USA,638
Pavel Eroshkin (Павел Ерошкин),Russia,638
Vishwa Sankar,USA,638
Timur Imanov,Russia,638
Christian Manuel de Lange,New Zealand,638
Daniel Porter,USA,638
Dylan Wang,Canada,638
Brandon Lin,USA,638
Lucas Buckley,Australia,637
Will Fairfax,New Zealand,637
Yinhao Ding,Australia,637
Sam Jacklin,United Kingdom,637
Charlie Harrison,United Kingdom,637
Eric Pesci,USA,636
James Macdiarmid,New Zealand,636
Mark Bennis,Netherlands,636
Ricardo Olea Catalán,Germany,636
Jan van Dorst,Netherlands,636
Connor Yungbluth,USA,636
Kristóf Veres,Hungary,636
Yibo Wang (王奕博),China,636
Milo Black,USA,636
Peter Grassard,France,636
Xujia Lei (雷旭嘉),China,635
Brandon Pierel,USA,635
Chan Hay Yin (陳希言),Hong Kong,635
Bowen Xiao (肖博文),China,635
Rustin Haderlie,USA,635
Jeff Miao,China,635
Daniel Yakhkind,Israel,635
Ivo Stoutjesdijk,Netherlands,635
Muhtasim Al Farabi,Bangladesh,634
Ivan Miletić,Serbia,634
Adam Łyskawa,Poland,634
Erik Kippus,Estonia,634
Henry Savich,USA,634
Max Walaszek,USA,634
Lorenzo Vigani Poli,Italy,634
Keaton Ellis,USA,634
Justin Barker,USA,634
Edward Rust,Australia,633
Paul Taylor,USA,633
Stepan Anisimov (Степан Анисимов),Russia,633
Mikhail Ivashechkin,Russia,633
Enzo Mattos,Brazil,633
Damiano Di Paola,Italy,632
Mathias Søndergaard Byrne,Denmark,632
Jack Stewart,USA,632
Dmitry Kryuzban,Russia,632
William Tao,Australia,632
Jesús Fernando Castelán Gómez,Mexico,632
Sei Sugama (洲鎌星),Japan,632
Alexei Sinyavin,USA,631
Marco Yang,Canada,631
Carson Deibert,Canada,631
Nikolay Vasilyev,Russia,631
Andrew Sherman,Australia,631
Ekaterina Kaneva,Russia,631
Abdullah Gulab,Pakistan,630
Pranav Veera,USA,630
Junqi Feng (冯骏骐),China,630
Carlos Méndez García-Barroso,Spain,630
Angel Torres Perez,Mexico,630
Julen Simón Iriarte,Spain,630
Brandon Harris,New Zealand,630
Daan Baartmans,Netherlands,630
Kevin Min,Korea,629
Linus Buck,Germany,629
Maksym Yeli (Максим Єлі),Ukraine,629
Choi Go-Ho (최고호),Korea,629
Matthew Bidwell,USA,629
Roberts Dreijers,Latvia,629
Shu-Yii Luo (駱書翊),Taiwan,628
Daniël Kassab,Netherlands,628
Shek Ho Hin (石灝軒),Hong Kong,628
Ethan Basanov,Canada,628
Amos Nordman,Finland,628
Yu-Kai Chen (陳宇楷),Taiwan,628
Aolin Tang (唐奥林),China,628
Diego Alejandro Casas Jimenez,Colombia,628
Leonid Shcherbakov (Леонид Щербаков),Russia,628
Carson Claud,USA,627
Ibrahim Khanani,USA,627
Zabir Bin Moaj,Bangladesh,627
Rami Sbahi,USA,627
Simone Ohler,Germany,627
Michał Halczuk,Poland,627
Daniel Guardado Cabral,Mexico,626
Alikhan Yertursyn (Алихан Ертурсын),Kazakhstan,626
Hannes Müller,Germany,625
Noé Bourdon,France,625
Benjamin Grzesiak,United Kingdom,624
Zejun Chen (陈泽鋆),China,624
Diego Fraile,France,624
Brody Lassner,USA,624
Eben Quenneville,USA,624
Sam Adams,USA,624
Nicholas Paul,Australia,623
Gabriel Marczak,Poland,623
Axel Uriel Sánchez Zúñiga,Mexico,622
Joe Labas,Australia,622
Daniel Greigg,USA,622
Celine Tran,Norway,622
Mahith Bandi,USA,622
Cameron Jones,United Kingdom,622
Ace Djun T. Aguirre Jr.,Philippines,621
Eddy Deturche,France,621
Ethan Rusnak,Canada,621
Mattia Furlan,Italy,621
Zhenyu Wang (王振宇),China,620
Kari Hyttinen,Finland,620
Christopher Morris,United Kingdom,620
Cezary Mach,Poland,620
Vladimir Tikhonenko (Владимир Тихоненко),Russia,620
Jules Desjardin,France,620
Jason Lee,USA,620
Taosif Amin Sahil,Bangladesh,620
Zishuo Zhang (张子硕),China,619
Samuel Simko,Slovakia,619
Carter Audet Marrero,USA,619
Fred Lang,United Kingdom,619
Ruimin Yan (颜瑞民),China,619
Bill Wang,Canada,619
Jacob Oliver Bruun,Norway,618
Abylai Orazalin (Абылай Оразалин),Kazakhstan,618
Nathan Nairn,Australia,618
Daniel Escobar,Guatemala,618
Felipe Medel,Chile,618
Andrey Kolevatykh (Андрей Колеватых),Russia,618
Riley Workman,USA,618
Kyle Van Straaten,Canada,618
Vladislav Kozhin,Russia,617
Yuhei Takagi (高木佑平),Japan,617
Sameer Sethuram,USA,617
Muhammad Syahmi,Malaysia,617
Stepan Makarenko,Russia,617
Islam Kitiev,Russia,617
Levi Gibson,USA,616
Harry Owen,United Kingdom,616
Shukrullo Ibragimov,Tajikistan,616
Burak Erdil Biçer,Turkey,616
Taine Cassar,Australia,616
Milhouse Gibbons-Paul,United Kingdom,615
Adriel Wiebe,USA,615
Reto Bubendorf,Switzerland,615
Charles Jerome,USA,615
Clay Moore,USA,615
Chengxiang Cui (崔程翔),China,615
Kunal Oak,India,614
Oliver Fisk,United Kingdom,614
Yuri de Oliveira,Brazil,614
Ryan Jew,USA,614
Luca Rizzi,Switzerland,613
Jonathan Mauroy,Belgium,613
Nevins Chan Pak Hoong (陈百鸿),Malaysia,613
Jhon Edinson Arias Parra,Colombia,613
Taylor Cookmeyer,USA,613
Stian Nystad Østli,Norway,613
Jeremy Sheng,USA,613
David Arzamastsev,Russia,612
Oleg Liven,Russia,612
Isaac Wells,Australia,612
Jun-Po Ni (倪君寶),Taiwan,612
Marcos Meibel Corral Murillo,Mexico,612
Owen Brooks,USA,611
Nikita Loika,Belarus,611
Andreas Lambropoulos,USA,611
Kristian Gil Caragan,Philippines,611
Gabriel Lincon Souza,Brazil,610
Hector David Martinez Argaez,Colombia,610
Aleksandr Beznogov,Russia,610
Yap Jia Yang,Malaysia,609
Aleksander Arefiew,Poland,609
Danila Rogozhnikov (Данила Рогожников),Russia,609
Thompson Clarke,Canada,608
Nicholas Tan Jun Wei,Malaysia,608
Filip Nilsen,Norway,608
Vincent Chan,Netherlands,608
Dylan Cossin,USA,608
Anders Berggren,Sweden,608
Qingze Li (李庆泽),China,608
Tyler Johnson,USA,607
Juan de Dios Noriega Sánchez,Mexico,607
Hubert Badocha,Poland,607
Lauren Phung,USA,607
Antonio López,Spain,607
Kirby Jay Caragan,Philippines,607
Shubham Maharana,India,607
Carter Bitz,USA,607
Mihai Căpăţinescu,Romania,607
Tyler Hicks,USA,606
Michael Muething,USA,606
Ryan Pin Harry,Canada,606
Grigoriy Shumakov,Russia,606
Lauri Korhonen,Finland,606
Jēkabs Janovs,Latvia,606
Luke Burong,Australia,606
Dylan Baumbach,USA,605
Andrew Tan Jing Bang,Singapore,605
Mateusz Kotwica,Poland,605
Eric Waldbillig,USA,604
Nicolas Harper,USA,604
Pavel Kovirzin (Павел Ковырзин),Russia,604
He-Ping Zheng (鄭和平),Taiwan,604
Darya Belonogova,Russia,604
Ramses Amaya,Colombia,604
Daniel Evans,United Kingdom,604
Bokang Peng (彭博康),China,604
Gregory Lopez,USA,603
Jonathan Blöcher,Germany,603
Wong Kin Lok (黃健樂),Hong Kong,603
Li Chak Kwan (李澤堃),Hong Kong,603
Heejun Kim (김희준),Korea,603
Izan Cantero Herrera,Spain,603
Christian Angelo Araneta Naguio,Philippines,603
Timur Mavlyanov,Uzbekistan,603
Christopher G. Argueta,USA,602
Konstantin Jaehne,Germany,602
Eli Parker,USA,602
Tom Noble,Australia,602
Ying Lin (林颖),China,602
Ewsey Obzherin,Russia,601
Jason Zheng,USA,601
Loic Chiang,Singapore,601
Abdelhak Kaddour,France,601
Yannic Waser,Switzerland,601
Justin He,Australia,601
Ian Southa,USA,600
Tomáš Zatroch,Slovakia,600
Ricardo Zapata Cruz,Venezuela,600
Cameron Stollery,Australia,600
Aniketh Arya,India,600
Kirill Levchuk (Кирилл Левчук),Russia,600
Lir Ukaj,France,600
Frederiks Rūdolfs Kronbergs,Latvia,600
Jérôme Carlier,Belgium,600
Luiz Fellipe Oliuza Leal Silva,Brazil,600
Ujjawal Pabreja,India,600
Chen-Pin Sun (孫振斌),Taiwan,600
Joe Yang,USA,600
Genaro Sahib Leguizamon,Argentina,599
Alex Walker,USA,599
Meng-Yi Li (李孟一),Taiwan,599
Trần Đăng Quang,Vietnam,599
Andrii Lushpak (Андрій Лушпак),Ukraine,599
Lucas Kuczaj,Canada,599
Oleg Gritsenko,Russia,599
Johnathan Starkey,Australia,599
Joseph Norton,USA,599
Evan Mann,USA,598
Alvaro Haidar Ersha,Indonesia,598
Mingzhi Da (达明志),China,598
Mattias Uvesten,Sweden,598
Logan Day-Richter,USA,597
Justin Choi,USA,597
Fletcher Berry,USA,597
Mikhail Kopylov (Михаил Копылов),Russia,596
Lei Liu (刘磊),China,596
Calven Lipec,Australia,596
Ryszard Kiszka,Poland,596
Raúl Cuevas Castillo,Spain,596
Andrew Nathenson,USA,595
Joseph Tudor,United Kingdom,595
Joel Ulin,Sweden,595
Carl Emil Exner,Denmark,595
Jonas Rongé,Belgium,595
Jonathan Tilahun,USA,595
Maxime Madrzyk,France,594
Pessi Ansaranta,Finland,594
Cendy Cahyo Rahmat,Indonesia,594
Jack Bellomy,USA,594
Aidan McKenzie,USA,594
Jonathan Esparaz,Canada,593
Xinyang Li (李昕洋),China,593
Adrian Oon,Australia,593
Mikhail Sartakov,Russia,593
Niko Ronkainen,Finland,593
Alex Davani,USA,593
Axel Brisse,France,593
Aryan Kejriwal,USA,593
Ilya Epifanov,Russia,592
Shenghai Fang (方胜海),China,592
Wojciech Szatanowski,Poland,592
Feilong Tang (唐飞龙),China,592
Joey Cavanagh,Australia,592
Yongtao Sun (孙永涛),China,592
Lalith Sashank,India,592
Lachlan Malcolm,Australia,591
Carlo Glod,Luxembourg,591
Elliott Kobelansky,Canada,591
Justin Gou,USA,591
Cheung-Hao Tu,United Kingdom,591
Viktor Kalmar,Austria,591
Pacifico Rodriguez,Switzerland,591
Jolina Chen,Australia,590
Mark Ostrom,United Kingdom,590
Yi-Fan Wu (吳亦凡),Taiwan,590
Nikita Razzamazov (Никита Раззама́зов),Russia,590
Sergio Bulux,Guatemala,590
Krzysztof Bober,Poland,590
Max Hahnbück,Germany,590
Weijie Fang (方伟杰),China,589
Zixuan Liu (刘子瑄),China,589
Rowe Hessler,USA,589
Ilya Tsiareshka,Belarus,589
Waldemar Sundin,Sweden,589
Fabian Settelen,Switzerland,589
Vladislav Shurshilin,Russia,589
Liam Uno Timour-Silveira,Norway,588
Jan Riedl,Czech Republic,588
Angel Jesus Panebra Rodriguez,Peru,588
Egdar Castillo,Panama,587
Mauro Moises López,Spain,587
Angel Armando Jaime Sánchez,Mexico,587
Conan Mo,Australia,587
Xinyu Li (李欣宇),China,587
Jacob Eoin Gipp,Canada,587
Joey Mait,USA,587
Laura Mellier,Switzerland,586
Vianne Chang,Canada,586
Alex Agranov,USA,586
Dhruv Arora,India,586
Sam Spendla,United Kingdom,586
Liew Yee Voon (劉倚文),Malaysia,586
Clarence Kinsey G. Orozco,Philippines,586
Yurii Riabov (Юрій Рябов),Ukraine,585
Yezhen Han (韩业臻),China,585
Gael Augusto Lapeyre,Argentina,585
Pavel Yushkevich,Belarus,585
Alessio Giuliano,Switzerland,585
Alevio Hamizan Ersha,Indonesia,584
Rafik Sarwat Naeem Ragheb,Egypt,584
Lorenzo Layug,Philippines,584
Benjamin Tibbetts,USA,583
Dmitry Dobrjakov,Russia,583
Timothy Townley,USA,583
Mathieu Hudon,Canada,583
Leo Lindqvist,Sweden,583
Takayuki Tanaka (田中隆喜),Japan,583
Timothy Loh,Australia,583
Przemysław Kruczek,Poland,583
Mihail Stoicescu,Romania,583
Lacey Dilworth,USA,582
Nicholas Daneshvari,USA,582
Vojtěch Kundera,Czech Republic,582
Sam Koch,USA,582
Asher Kim-Magierek,USA,582
Jacob Nobili,USA,582
Angel Alexis Carrillo Ramirez,Mexico,582
Fedor Abaev,Russia,582
Nathan Dwyer,USA,581
Dylan Vaskevicius,Canada,581
Nathan Soria,USA,581
Jami Viljanen,Finland,580
Florian Truckenthanner,Austria,580
Teh Keng Foo (郑庆富),Malaysia,580
Reagan Li,Canada,580
Eder Olivencia Gonzalez,Spain,580
Wojciech Barciaga,Poland,580
James Holdsworth,Australia,580
Kent Thomson,Australia,579
Alvar Nylén,Sweden,579
Dana Yi,USA,579
Minhyun Kim (김민현),Korea,579
Wuouran Liu (刘巫偶然),China,579
Ekaterina Soboleva (Екатерина Соболева),Russia,579
Alisher Soltan (Алишер Солтан),Kazakhstan,579
Alyssa Bell,USA,578
Naglis Peciulis,Lithuania,578
Lucas Ichiro Yunomae,Brazil,578
William Klauer,USA,578
Tomasz Larysz,Poland,578
Dan Pastushkov,USA,578
Josh Bloch,USA,578
Sukesh Kumar,India,578
Dias Murzalin (Диас Мурзалин),Kazakhstan,577
Andre Febriato Jonathan,Indonesia,577
Kailin Sun (孙凯霖),China,577
Adrián Martínez Macías,Spain,577
Agustín Bernasconi,Argentina,577
Thomas Sonnenberg Jarner,Denmark,577
Jonathan Truchot,USA,577
Kenneth Tran,Norway,577
Shao-Yu Hu (胡紹宇),Taiwan,577
Naman Jain,India,577
Karina Ermakova (Карина Ермакова),Russia,577
Daniel Gracia Ortiz,Spain,576
Mikołaj Tyra,Poland,576
Shuto Ueno (上野柊斗),Japan,576
Nathanael Morgan,USA,576
Natanael Lundberg,Sweden,576
Anunak Roy,India,576
Oleksandr Seniuk (Олександр Сенюк),Ukraine,576
David Edwards,Australia,576
Philippe Virouleau,France,575
Cyrus Wong Yuk Chi (黃昱誌),Hong Kong,575
Junseop Kim (김준섭),Korea,575
Nicolás Shwkyng Monroy,Colombia,575
Ekaterina Shutenko,Russia,575
Sören Jaan Handschuch,Germany,575
Jair Sosa,USA,575
Derek Kong,Canada,575
Samuel Baird,USA,574
Arnav Arora,India,574
Andreas Wagner,Austria,574
Samuel Hernandez Castro,Mexico,574
Roman Ponikarovskiy,Russia,574
Damián Campos,Argentina,574
Aaron Ariff,Malaysia,573
Benjamin Riske,Australia,573
Andrew Karbusicky,USA,573
Rick Hamburger,Netherlands,573
Arkadiusz Żynel,Poland,573
Marie Vincent,France,573
James Gonsalves,India,573
Aleksa Radovanović,Serbia,573
Shangtong Fu (傅上桐),China,572
Anish Rajesh,India,572
Tamara Macadam,Australia,572
Tucker Chamberlain,USA,572
Jane Behrle,USA,572
Mika Smulders,Netherlands,572
Kaloyan Galabinov,Bulgaria,572
Xiaobin Rui (芮晓彬),China,572
Jacob Joshi,Australia,572
Ethan Jan,USA,572
Pietro Furbatto,Italy,572
Zian Song (宋子安),China,572
Yang Li (李扬),China,572
Amir Husain,Kazakhstan,572
Timotej Andrejko,Slovakia,571
Max Chan,USA,571
Zachary Miller,USA,571
Jonathan Tan Wei Xiat,Malaysia,571
Urho Kinnunen,Finland,571
Maksym B. Tsymbaliuk (Максим Б. Цимбалюк),Ukraine,571
Alex Maass,USA,571
Acchyut Jolly,India,571
Vishal Mohanraju,India,571
Matthew Dickman,USA,571
Robbie Villarica,Philippines,571
Rémi Esturoune,France,571
Shrijan Pal,India,571
Weikang Zheng (郑炜康),China,571
Phạm Đức Phước,Vietnam,571
Maksim Demchenko (Максим Демченко),Russia,571
Andrey Panov (Андрей Панов),Russia,570
Kristian Holme,Norway,570
Govend Avgerinos Djangoi,Sweden,570
Eric Zhao,USA,570
Timothy Lawrance,South Africa,570
Davide Arnesano,Italy,570
Nikolai Gomelchuk,Russia,570
Arthur Garcin,France,570
Serhii Mormul (Сергій Мормуль),Ukraine,569
Gamaliel Jimenez Oropeza,Mexico,569
Stanley Nerkowski IV,USA,569
Julian Bürgi,Switzerland,569
Nicos Ahlgrimm,Germany,569
Yoav Eynon,Australia,569
Saiyam Jain,India,569
